{
	"format_version": "1.12.0",
	"minecraft:geometry": [
		{
			"description": {
				"identifier": "geometry.bumble_bee_hat",
				"texture_width": 64,
				"texture_height": 64,
				"visible_bounds_width": 3,
				"visible_bounds_height": 4.5,
				"visible_bounds_offset": [0, 1.75, 0]
			},
			"bones": [
				{
					"name": "root",
					"pivot": [0, -1.225, -0.125]
				},
				{
					"name": "waist",
					"parent": "root",
					"pivot": [0, -1.225, -0.125]
				},
				{
					"name": "body",
					"parent": "waist",
					"pivot": [0, -1.225, -0.125]
				},
				{
					"name": "bumble_bee_hat",
					"parent": "body",
					"pivot": [0, -1.225, -0.125],
					"cubes": [
						{
							"origin": [0, -1.225, -0.125],
							"size": [0, 0, 0],
							"uv": {
								"north": {"uv": [10, 10], "uv_size": [10, 2]},
								"east": {"uv": [0, 10], "uv_size": [10, 2]},
								"south": {"uv": [30, 10], "uv_size": [10, 2]},
								"west": {"uv": [20, 10], "uv_size": [10, 2]},
								"up": {"uv": [10, 0], "uv_size": [10, 10]},
								"down": {"uv": [20, 10], "uv_size": [10, -10]}
							}
						},
						{
							"origin": [0, -1.225, -0.125],
							"size": [0, 0, 0],
							"uv": {
								"north": {"uv": [8, 20], "uv_size": [8, 5]},
								"east": {"uv": [0, 20], "uv_size": [8, 5]},
								"south": {"uv": [24, 20], "uv_size": [8, 5]},
								"west": {"uv": [16, 20], "uv_size": [8, 5]},
								"up": {"uv": [8, 12], "uv_size": [8, 8]},
								"down": {"uv": [16, 20], "uv_size": [8, -8]}
							}
						},
						{
							"origin": [0, -1.225, -0.125],
							"size": [0, 0, 0],
							"pivot": [0, -1.225, -0.125],
							"rotation": [-22.5, 0, 0],
							"uv": {
								"north": {"uv": [5, 30], "uv_size": [6, 0]},
								"east": {"uv": [0, 30], "uv_size": [5, 0]},
								"south": {"uv": [16, 30], "uv_size": [6, 0]},
								"west": {"uv": [11, 30], "uv_size": [5, 0]},
								"up": {"uv": [5, 25], "uv_size": [6, 5]},
								"down": {"uv": [11, 30], "uv_size": [6, -5]}
							}
						},
						{
							"origin": [0, -1.225, -0.125],
							"size": [0, 0, 0],
							"uv": {
								"north": {"uv": [5, 7], "uv_size": [0, 2]},
								"east": {"uv": [0, 7], "uv_size": [5, 2]},
								"south": {"uv": [10, 7], "uv_size": [0, 2]},
								"west": {"uv": [5, 7], "uv_size": [5, 2]},
								"up": {"uv": [5, 2], "uv_size": [0, 5]},
								"down": {"uv": [5, 7], "uv_size": [0, -5]}
							}
						},
						{
							"origin": [0, -1.225, -0.125],
							"size": [0, 0, 0],
							"uv": {
								"north": {"uv": [5, 5], "uv_size": [0, 2]},
								"east": {"uv": [0, 5], "uv_size": [5, 2]},
								"south": {"uv": [10, 5], "uv_size": [0, 2]},
								"west": {"uv": [5, 5], "uv_size": [5, 2]},
								"up": {"uv": [5, 0], "uv_size": [0, 5]},
								"down": {"uv": [5, 5], "uv_size": [0, -5]}
							}
						},
						{
							"origin": [0, -1.225, -0.125],
							"size": [0, 0, 0],
							"pivot": [0, -1.225, -0.125],
							"rotation": [0, 0, -22.5],
							"uv": {
								"north": {"uv": [30, 8], "uv_size": [5, 0]},
								"east": {"uv": [22, 8], "uv_size": [8, 0]},
								"south": {"uv": [43, 8], "uv_size": [5, 0]},
								"west": {"uv": [35, 8], "uv_size": [8, 0]},
								"up": {"uv": [30, 0], "uv_size": [5, 8]},
								"down": {"uv": [35, 8], "uv_size": [5, -8]}
							}
						},
						{
							"origin": [0, -1.225, -0.125],
							"size": [0, 0, 0],
							"pivot": [0, -1.225, -0.125],
							"rotation": [0, 0, 22.5],
							"uv": {
								"north": {"uv": [24, 20], "uv_size": [5, 0]},
								"east": {"uv": [16, 20], "uv_size": [8, 0]},
								"south": {"uv": [37, 20], "uv_size": [5, 0]},
								"west": {"uv": [29, 20], "uv_size": [8, 0]},
								"up": {"uv": [24, 12], "uv_size": [5, 8]},
								"down": {"uv": [29, 20], "uv_size": [5, -8]}
							}
						}
					]
				}
			]
		}
	]
}