{
	"format_version": "1.12.0",
	"minecraft:geometry": [
		{
			"description": {
				"identifier": "geometry.raining_cloud_hat",
				"texture_width": 64,
				"texture_height": 64,
				"visible_bounds_width": 2,
				"visible_bounds_height": 4.5,
				"visible_bounds_offset": [0, 1.75, 0]
			},
			"bones": [
				{
					"name": "root",
					"pivot": [0, -1.225, -0.125]
				},
				{
					"name": "waist",
					"parent": "root",
					"pivot": [0, -1.225, -0.125]
				},
				{
					"name": "body",
					"parent": "waist",
					"pivot": [0, -1.225, -0.125]
				},
				{
					"name": "raining_cloud_hat",
					"parent": "body",
					"pivot": [0, -1.225, -0.125],
					"cubes": [
						{
							"origin": [0, -1.225, -0.125],
							"size": [0, 0, 0],
							"uv": {
								"north": {"uv": [7, 7], "uv_size": [10, 6]},
								"east": {"uv": [0, 7], "uv_size": [7, 6]},
								"south": {"uv": [24, 7], "uv_size": [10, 6]},
								"west": {"uv": [17, 7], "uv_size": [7, 6]},
								"up": {"uv": [7, 0], "uv_size": [10, 7]},
								"down": {"uv": [17, 7], "uv_size": [10, -7]}
							}
						},
						{
							"origin": [0, -1.225, -0.125],
							"size": [0, 0, 0],
							"uv": {
								"north": {"uv": [0, 19], "uv_size": [10, 6]},
								"south": {"uv": [10, 19], "uv_size": [10, 6]}
							}
						},
						{
							"origin": [0, -1.225, -0.125],
							"size": [0, 0, 0],
							"uv": {
								"north": {"uv": [0, 13], "uv_size": [16, 6]},
								"south": {"uv": [16, 13], "uv_size": [16, 6]}
							}
						},
						{
							"origin": [0, -1.225, -0.125],
							"size": [0, 0, 0],
							"uv": {
								"north": {"uv": [4, 29], "uv_size": [3, 4]},
								"east": {"uv": [0, 29], "uv_size": [4, 4]},
								"south": {"uv": [11, 29], "uv_size": [3, 4]},
								"up": {"uv": [4, 25], "uv_size": [3, 4]},
								"down": {"uv": [7, 29], "uv_size": [3, -4]}
							}
						},
						{
							"origin": [0, -1.225, -0.125],
							"size": [0, 0, 0],
							"uv": {
								"north": {"uv": [24, 23], "uv_size": [3, 4]},
								"south": {"uv": [31, 23], "uv_size": [3, 4]},
								"west": {"uv": [27, 23], "uv_size": [4, 4]},
								"up": {"uv": [24, 19], "uv_size": [3, 4]},
								"down": {"uv": [27, 23], "uv_size": [3, -4]}
							}
						}
					]
				}
			]
		}
	]
}