{
	"parent": "minecraft:item/generated",
    "textures": {
        "layer0": "minecraft:item/diamond",
		"layer1": "../num64/31"
		},
		"display": {
        "ground": {
            "rotation": [ 0, 0, 0 ],
            "translation": [ 0, 6.25, 0],
            "scale":[ 2, 2, 0.5 ]
        },
        "head": {
            "rotation": [ 0, 180, 0 ],
            "translation": [ 0, 13, 7],
            "scale":[ 1, 1, 1]
        },
        "thirdperson_righthand": {
            "rotation": [ 40, 180, 0 ],
            "translation": [ 0, 4, 4 ],
            "scale": [ 1, 1, 0.55 ]
        },
        "firstperson_righthand": {
            "rotation": [ 0, -90, 25 ],
            "translation": [ 1.13, 3.2, 1.13],
            "scale": [ 0.68, 0.68, 0.68 ]
        },
        "fixed": {
            "rotation": [ 0, 180, 0 ],
            "scale": [ 1, 1, 1 ]
        }
    }
}