{
	"format_version": "1.12.0",
	"minecraft:geometry": [
		{
			"description": {
				"identifier": "geometry.polar_bear_hat",
				"texture_width": 64,
				"texture_height": 64,
				"visible_bounds_width": 2,
				"visible_bounds_height": 3.5,
				"visible_bounds_offset": [0, 1.25, 0]
			},
			"bones": [
				{
					"name": "root",
					"pivot": [0, -1.225, -0.125]
				},
				{
					"name": "waist",
					"parent": "root",
					"pivot": [0, -1.225, -0.125]
				},
				{
					"name": "body",
					"parent": "waist",
					"pivot": [0, -1.225, -0.125]
				},
				{
					"name": "polar_bear_hat",
					"parent": "body",
					"pivot": [0, -1.225, -0.125]
				},
				{
					"name": "arms",
					"parent": "polar_bear_hat",
					"pivot": [0, -1.225, -0.125],
					"cubes": [
						{
							"origin": [0, -1.225, -0.125],
							"size": [0, 0, 0],
							"pivot": [0, -1.225, -0.125],
							"rotation": [0, 0, 22.5],
							"uv": {
								"north": {"uv": [28, 27], "uv_size": [3, 6]},
								"east": {"uv": [22, 12], "uv_size": [4, 6]},
								"south": {"uv": [29, 0], "uv_size": [3, 6]},
								"west": {"uv": [22, 19], "uv_size": [4, 6]},
								"up": {"uv": [34, 11], "uv_size": [3, 4]},
								"down": {"uv": [34, 26], "uv_size": [3, -4]}
							}
						},
						{
							"origin": [0, -1.225, -0.125],
							"size": [0, 0, 0],
							"pivot": [0, -1.225, -0.125],
							"rotation": [0, 0, -22.5],
							"uv": {
								"north": {"uv": [0, 30], "uv_size": [3, 6]},
								"east": {"uv": [11, 24], "uv_size": [4, 6]},
								"south": {"uv": [4, 30], "uv_size": [3, 6]},
								"west": {"uv": [16, 24], "uv_size": [4, 6]},
								"up": {"uv": [27, 34], "uv_size": [3, 4]},
								"down": {"uv": [8, 39], "uv_size": [3, -4]}
							}
						}
					]
				},
				{
					"name": "claws",
					"parent": "polar_bear_hat",
					"pivot": [0, -1.225, -0.125],
					"cubes": [
						{
							"origin": [0, -1.225, -0.125],
							"size": [0, 0, 0],
							"pivot": [0, -1.225, -0.125],
							"rotation": [0, 0, -22.5],
							"uv": {
								"east": {"uv": [29, 7], "uv_size": [6, 3]},
								"west": {"uv": [8, 31], "uv_size": [6, 3]}
							}
						},
						{
							"origin": [0, -1.225, -0.125],
							"size": [0, 0, 0],
							"pivot": [0, -1.225, -0.125],
							"rotation": [0, 0, 22.5],
							"uv": {
								"east": {"uv": [15, 31], "uv_size": [6, 3]},
								"west": {"uv": [32, 27], "uv_size": [6, 3]}
							}
						}
					]
				},
				{
					"name": "ears",
					"parent": "polar_bear_hat",
					"pivot": [0, -1.225, -0.125],
					"cubes": [
						{
							"origin": [0, -1.225, -0.125],
							"size": [0, 0, 0],
							"pivot": [0, -1.225, -0.125],
							"rotation": [0, 0, -45],
							"uv": {
								"north": {"uv": [22, 31], "uv_size": [4, 4]},
								"east": {"uv": [12, 35], "uv_size": [2, 4]},
								"south": {"uv": [32, 31], "uv_size": [4, 4]},
								"west": {"uv": [15, 35], "uv_size": [2, 4]},
								"up": {"uv": [36, 5], "uv_size": [4, 2]}
							}
						},
						{
							"origin": [0, -1.225, -0.125],
							"size": [0, 0, 0],
							"pivot": [0, -1.225, -0.125],
							"rotation": [0, 0, 45],
							"uv": {
								"north": {"uv": [33, 0], "uv_size": [4, 4]},
								"east": {"uv": [18, 35], "uv_size": [2, 4]},
								"south": {"uv": [33, 17], "uv_size": [4, 4]},
								"west": {"uv": [21, 36], "uv_size": [2, 4]},
								"up": {"uv": [31, 36], "uv_size": [4, 2]}
							}
						}
					]
				},
				{
					"name": "head",
					"parent": "polar_bear_hat",
					"pivot": [0, -1.225, -0.125],
					"cubes": [
						{
							"origin": [0, -1.225, -0.125],
							"size": [0, 0, 0],
							"uv": {
								"north": {"uv": [11, 0], "uv_size": [10, 7]},
								"east": {"uv": [11, 8], "uv_size": [10, 7]},
								"south": {"uv": [11, 16], "uv_size": [10, 7]},
								"west": {"uv": [0, 22], "uv_size": [10, 7]},
								"up": {"uv": [0, 0], "uv_size": [10, 10]},
								"down": {"uv": [0, 21], "uv_size": [10, -10]}
							}
						},
						{
							"origin": [0, -1.225, -0.125],
							"size": [0, 0, 0],
							"uv": {
								"north": {"uv": [21, 26], "uv_size": [6, 4]},
								"east": {"uv": [27, 17], "uv_size": [5, 4]},
								"west": {"uv": [28, 22], "uv_size": [5, 4]},
								"up": {"uv": [22, 0], "uv_size": [6, 5]},
								"down": {"uv": [22, 11], "uv_size": [6, -5]}
							}
						}
					]
				}
			]
		}
	]
}