{
	"parent": "minecraft:item/generated",
    "textures": {
        "layer0": "minecraft:item/diamond",
		"layer1": "assets/minecraft/textures/item/64/4"
		},   
        "display": {
        "thirdperson_righthand": {
            "rotation": [0, 90, -35]
        },
        "thirdperson_lefthand": {
            "rotation": [0, 90, -35]
        },
        "ground": {
            "translation": [0, 2, 0],
            "scale": [2, 2, 2]
        },
        "fixed": {
            "scale": [1.6, 1.6, 1.6]
        }
    }
}