{
	"format_version": "1.12.0",
	"minecraft:geometry": [
		{
			"description": {
				"identifier": "geometry.bat_backpack",
				"texture_width": 64,
				"texture_height": 64,
				"visible_bounds_width": 2,
				"visible_bounds_height": 2.5,
				"visible_bounds_offset": [0, 0.75, 0]
			},
			"bones": [
				{
					"name": "bone",
					"pivot": [8, 0, -8],
					"cubes": [
						{
							"origin": [-4.5, 5.07612, -4.38268],
							"size": [9, 9, 9],
							"pivot": [0, 6, 1],
							"rotation": [22.5, 0, 0],
							"uv": {
								"north": {"uv": [0, 9], "uv_size": [9, 9]},
								"east": {"uv": [18, 0], "uv_size": [9, 9]},
								"south": {"uv": [18, 9], "uv_size": [9, 9]},
								"west": {"uv": [9, 9], "uv_size": [9, 9]},
								"up": {"uv": [0, 0], "uv_size": [9, 9]},
								"down": {"uv": [9, 9], "uv_size": [9, -9]}
							}
						},
						{
							"origin": [-2, 1, -2],
							"size": [4, 2.5, 4],
							"uv": {
								"north": {"uv": [18, 26.5], "uv_size": [4, 2.5]},
								"east": {"uv": [18, 24], "uv_size": [4, 2.5]},
								"south": {"uv": [22, 26.5], "uv_size": [4, 2.5]},
								"west": {"uv": [22, 24], "uv_size": [4, 2.5]},
								"down": {"uv": [14, 29], "uv_size": [4, -4]}
							}
						},
						{
							"origin": [-3, 3.25, -3],
							"size": [6, 3, 6],
							"uv": {
								"north": {"uv": [12, 21], "uv_size": [6, 3]},
								"east": {"uv": [12, 18], "uv_size": [6, 3]},
								"south": {"uv": [18, 21], "uv_size": [6, 3]},
								"west": {"uv": [18, 18], "uv_size": [6, 3]},
								"down": {"uv": [6, 24], "uv_size": [6, -6]}
							}
						},
						{
							"origin": [3, 11.54328, 1.2961],
							"size": [4, 7, 1],
							"pivot": [0, 6, 1],
							"rotation": [22.5, 0, 0],
							"uv": {
								"north": {"uv": [27, 8], "uv_size": [4, 7]},
								"east": {"uv": [31, 8], "uv_size": [1, 7]},
								"south": {"uv": [27, 15], "uv_size": [4, 7]},
								"west": {"uv": [31, 15], "uv_size": [1, 7]},
								"up": {"uv": [27, 22], "uv_size": [4, 1]},
								"down": {"uv": [27, 24], "uv_size": [4, -1]}
							}
						},
						{
							"origin": [-7, 11.54328, 1.2961],
							"size": [4, 7, 1],
							"pivot": [0, 6, 1],
							"rotation": [22.5, 0, 0],
							"uv": {
								"north": {"uv": [1, 24], "uv_size": [4, 7]},
								"east": {"uv": [0, 24], "uv_size": [1, 7]},
								"south": {"uv": [6, 24], "uv_size": [4, 7]},
								"west": {"uv": [5, 24], "uv_size": [1, 7]},
								"up": {"uv": [10, 24], "uv_size": [4, 1]},
								"down": {"uv": [14, 25], "uv_size": [4, -1]}
							}
						},
						{
							"origin": [2, 1, 2],
							"size": [6, 4, 0],
							"pivot": [2, 2, 2],
							"rotation": [0, 22.5, 0],
							"uv": {
								"north": {"uv": [27, 0], "uv_size": [6, 4]},
								"south": {"uv": [33, 0], "uv_size": [-6, 4]}
							}
						},
						{
							"origin": [-2, 0, 1],
							"size": [4, 1, 0],
							"uv": {
								"north": {"uv": [10, 29], "uv_size": [4, 1]},
								"south": {"uv": [14, 29], "uv_size": [-4, 1]}
							}
						},
						{
							"origin": [-2, 5.7, -4.65],
							"size": [4, 2.5, 0],
							"pivot": [0, 6, 1],
							"rotation": [22.5, 0, 0],
							"uv": {
								"north": {"uv": [27.5, 5], "uv_size": [3.5, 2.5]}
							}
						},
						{
							"origin": [-8, 1, 2],
							"size": [6, 4, 0],
							"pivot": [-2, 2, 2],
							"rotation": [0, -22.5, 0],
							"uv": {
								"north": {"uv": [33, 0], "uv_size": [-6, 4]},
								"south": {"uv": [27, 0], "uv_size": [6, 4]}
							}
						}
					]
				}
			]
		}
	]
}