{
	"format_version": "1.12.0",
	"minecraft:geometry": [
		{
			"description": {
				"identifier": "geometry.cat_carrier_backpack",
				"texture_width": 64,
				"texture_height": 64,
				"visible_bounds_width": 2,
				"visible_bounds_height": 2.5,
				"visible_bounds_offset": [0, 0.75, 0]
			},
			"bones": [
				{
					"name": "bone",
					"pivot": [8, 0, -8],
					"cubes": [
						{
							"origin": [-6, 0, 2],
							"size": [12, 13, 2],
							"uv": {
								"north": {"uv": [0, 14], "uv_size": [12, 13]},
								"east": {"uv": [12, 14], "uv_size": [2, 13]},
								"south": {"uv": [0, 27], "uv_size": [12, 13]},
								"west": {"uv": [12, 27], "uv_size": [2, 13]},
								"up": {"uv": [14, 27], "uv_size": [12, 2]},
								"down": {"uv": [14, 31], "uv_size": [12, -2]}
							}
						},
						{
							"origin": [-6, 0, -4.5],
							"size": [12, 3, 6.5],
							"uv": {
								"north": {"uv": [0, 24], "uv_size": [12, 3]},
								"east": {"uv": [26, 14], "uv_size": [6.5, 3]},
								"west": {"uv": [26, 17], "uv_size": [6.5, 3]},
								"up": {"uv": [14, 14], "uv_size": [12, 6.5]},
								"down": {"uv": [14, 27], "uv_size": [12, -6.5]}
							}
						},
						{
							"origin": [-2.5, 14, 2],
							"size": [5, 1, 2],
							"uv": {
								"north": {"uv": [11, 12], "uv_size": [5, 1]},
								"south": {"uv": [16, 12], "uv_size": [5, 1]},
								"up": {"uv": [11, 10], "uv_size": [5, 2]},
								"down": {"uv": [16, 12], "uv_size": [5, -2]}
							}
						},
						{
							"origin": [-5.5, 10, -1.17157],
							"size": [11, 2.82843, 3.17157],
							"uv": {
								"east": {"uv": [11, 0], "uv_size": [3, 3]},
								"west": {"uv": [22, 0], "uv_size": [3, 3]},
								"up": {"uv": [0, 11], "uv_size": [11, 3]}
							}
						},
						{
							"origin": [-5.5, 3, -4],
							"size": [11, 7, 6],
							"uv": {
								"north": {"uv": [0, 4], "uv_size": [11, 7]},
								"east": {"uv": [11, 3], "uv_size": [6, 7]},
								"west": {"uv": [19, 3], "uv_size": [6, 7]}
							}
						},
						{
							"origin": [-5.525, 10.82843, -5.17157],
							"size": [11.05, 2, 4],
							"pivot": [6, 12.82843, -1.17157],
							"rotation": [45, 0, 0],
							"uv": {
								"east": {"uv": [14, 0], "uv_size": [4, 2]},
								"west": {"uv": [18, 0], "uv_size": [4, 2]},
								"up": {"uv": [0, 0], "uv_size": [11, 4]}
							}
						},
						{
							"origin": [-0.5, -3, -4.6],
							"size": [6, 5, 0],
							"uv": {
								"north": {"uv": [26.5, 20.5], "uv_size": [6, 5]},
								"south": {"uv": [32.5, 20.5], "uv_size": [-6, 5]}
							}
						},
						{
							"origin": [4, -1, -4.8],
							"size": [1.5, 2, 0],
							"uv": {
								"north": {"uv": [33, 21.5], "uv_size": [1.5, 2]},
								"south": {"uv": [34.5, 21.5], "uv_size": [-1.5, 2]}
							}
						},
						{
							"origin": [-3.5, 4.5, -5],
							"size": [7, 5.6, 3],
							"uv": {
								"north": {"uv": [25, 0], "uv_size": [7, 5.5]},
								"east": {"uv": [32, 0], "uv_size": [3, 5.5]},
								"west": {"uv": [35, 0], "uv_size": [-3, 5.5]},
								"down": {"uv": [42, 3], "uv_size": [-7, -3]}
							}
						},
						{
							"origin": [-3.525, 10.1, -5],
							"size": [7.05, 3.65, 3],
							"pivot": [0, 10.1, -5],
							"rotation": [-45, 0, 0],
							"uv": {
								"north": {"uv": [35, 3], "uv_size": [7, 3.5]},
								"east": {"uv": [42, 3], "uv_size": [3, 3.5]},
								"west": {"uv": [45, 3], "uv_size": [-3, 3.5]},
								"up": {"uv": [49, 3], "uv_size": [-7, -3]}
							}
						},
						{
							"origin": [2.5, 13, 2],
							"size": [1, 2, 2],
							"uv": {
								"north": {"uv": [29, 5.5], "uv_size": [1, 2]},
								"east": {"uv": [27, 5.5], "uv_size": [2, 2]},
								"south": {"uv": [30, 5.5], "uv_size": [1, 2]},
								"west": {"uv": [25, 5.5], "uv_size": [2, 2]},
								"up": {"uv": [32, 7.5], "uv_size": [-1, -2]}
							}
						},
						{
							"origin": [-3.5, 13, 2],
							"size": [1, 2, 2],
							"uv": {
								"north": {"uv": [30, 5.5], "uv_size": [-1, 2]},
								"east": {"uv": [27, 5.5], "uv_size": [-2, 2]},
								"south": {"uv": [31, 5.5], "uv_size": [-1, 2]},
								"west": {"uv": [29, 5.5], "uv_size": [-2, 2]},
								"up": {"uv": [31, 7.5], "uv_size": [1, -2]}
							}
						},
						{
							"origin": [-0.5, -0.5, -4.8],
							"size": [1.5, 1, 0],
							"uv": {
								"north": {"uv": [33, 24], "uv_size": [1.5, 1]},
								"south": {"uv": [34.5, 24], "uv_size": [-1.5, 1]}
							}
						},
						{
							"origin": [-5, 3, -4.25],
							"size": [5.5, 1.5, 0],
							"uv": {
								"north": {"uv": [32.5, 18], "uv_size": [5.5, 1.5]}
							}
						},
						{
							"origin": [5.75, 3, -2],
							"size": [0, 4, 4],
							"uv": {
								"west": {"uv": [32.5, 14], "uv_size": [4, 4]}
							}
						}
					]
				}
			]
		}
	]
}