{
  "parent": "minecraft:item/generated",
  "textures": {
    "layer0": "minecraft:item/fire_charge"
  },
  "display": {
        "thirdperson_righthand": {
            "rotation": [ 0, 90, 35 ],
            "translation": [ 0, 1.25, -3.5 ],
            "scale": [ 1.6, 1.6, 1.6 ]
        },
        "thirdperson_lefthand": {
            "rotation": [ 0, 90, -35 ],
            "translation": [ 0, 1.25, -3.5 ],
            "scale": [ 1.6, 1.6, 1.6 ]
        },
        "ground": {
            "rotation": [ 0, 0, 0 ],
            "translation": [ 0, 2, 0 ],
            "scale": [ 3, 3, 3 ]
        },
    "fixed": {
      "rotation": [ 0, 0, 0 ],
      "translation": [ 0, 0, 0 ],
      "scale": [ 1, 1, 1 ]
    }
  }
}
