{
    "credit": "Made with Blockbench",
    "parent": "minecraft:item/generated",
    "textures": {
        "layer0": "item/gunpowder"
    },
    "display": {
        "thirdperson_righthand": {
            "rotation": [
                -23,
                0,
                0
            ],
            "translation": [
                -2.75,
                8.75,
                23
            ],
            "scale": [
                4,
                4,
                4
            ]
        },
        "thirdperson_lefthand": {
            "rotation": [
                -23,
                0,
                0
            ],
            "translation": [
                -2.75,
                8.75,
                23
            ],
            "scale": [
                4,
                4,
                4
            ]
        }
    }
}