{
  "parent": "minecraft:item/handheld",
  "textures": {
    "layer0": "minecraft:item/stone_pickaxe"
  },
  "display": {
    "thirdperson_righthand": {
      "rotation": [ 0, -90, 55 ],
      "translation": [ 0, 9.25, -3.5 ],
      "scale": [ 4, 4, 4 ]
    },
    "thirdperson_lefthand": {
      "rotation": [ 0, 90, -55 ],
      "translation": [ 0, 9.25, -3.5 ],
      "scale": [ 4, 4, 4 ]
    },
    "ground": {
      "rotation": [ 0, 0, 0 ],
      "translation": [ 0, 5, 0 ],
      "scale": [ 10, 10, 10 ]
    },
    "fixed": {
      "rotation": [ 0, 0, 0 ],
      "translation": [ 0, 0, 0 ],
      "scale": [ 1.6, 1.6, 1.6 ]
    }
  }
}
