{
  "parent": "minecraft:item/handheld",
  "textures": {
    "layer0": "minecraft:item/blaze_rod"
  },
    "display": {
        "thirdperson_righthand": {
            "rotation": [ 20, -90, 55 ],
            "translation": [ 0, 10.0, 5.5 ],
            "scale": [ 2, 2, 1 ]
        },
        "thirdperson_lefthand": {
            "rotation": [ 20, 90, -55 ],
            "translation": [ 0, 10.0, 5.5 ],
            "scale": [ 2, 2, 1 ]
        },
        "firstperson_righthand": {
            "rotation": [ 0, -90, 30 ],
            "translation": [ 1.93, 2.7, -0.33 ],
            "scale": [ 0.78, 0.78, 0.68 ]
        },
        "firstperson_lefthand": {
            "rotation": [ 0, 90, -30 ],
            "translation": [ 1.93, 2.7, -0.33 ],
            "scale": [ 0.78, 0.78, 0.68 ]
        }
    }
}