{
    "parent": "item/generated",
    "display": {
        "thirdperson_righthand": {
            "rotation": [ 25, -90, 55 ],
            "translation": [ 0, 13.0, 6.5 ],
            "scale": [ 4, 4, 1 ]
        },
        "thirdperson_lefthand": {
            "rotation": [ 25, 90, -55 ],
            "translation": [ 0, 13.0, 6.5 ],
            "scale": [ 4, 4, 1 ]
        },
        "firstperson_righthand": {
            "rotation": [ 0, -90, 30 ],
            "translation": [ 1.93, 2.7, -0.33 ],
            "scale": [ 0.78, 0.78, 0.68 ]
        },
        "firstperson_lefthand": {
            "rotation": [ 0, 90, -30 ],
            "translation": [ 1.93, 2.7, -0.33 ],
            "scale": [ 0.78, 0.78, 0.68 ]
        }
    }
}
