{
  "parent": "minecraft:item/handheld",
  "textures": {
    "layer0": "minecraft:item/stick"
  },
  "display": {
        "thirdperson_righthand": {
            "rotation": [ 0, -90, 55 ],
            "translation": [ 0, 4.0, 0.5 ],
            "scale": [ 0.85, 0.85, 0.85 ]
        },
        "thirdperson_lefthand": {
            "rotation": [ 0, 90, -55 ],
            "translation": [ 0, 4.0, 0.5 ],
            "scale": [ 0.85, 0.85, 0.85 ]
        },
        "firstperson_righthand": {
            "rotation": [ 0, -90, 30 ],
            "translation": [ 1.93, 2.7, -0.33 ],
            "scale": [ 0.58, 0.58, 0.5 ]
        },
        "firstperson_lefthand": {
            "rotation": [ 0, 90, -30 ],
            "translation": [ 1.93, 2.7, -0.33 ],
            "scale": [ 0.48, 0.48, 0.5 ]
        }
    }
}