{
    "parent": "minecraft:item/generated",
    "textures": {
        "layer0": "minecraft:item/fire_charge",
        "layer1": "assets/minecraft/textures/item/64/22"
        },
    "display": {
    "thirdperson_righthand": {
      "rotation": [
        -23,
        0,
        0
      ],
      "translation": [
        -2.75,
        8.75,
        23
      ],
      "scale": [
        4,
        4,
        4
      ]
    },
    "thirdperson_lefthand": {
      "rotation": [
        -23,
        0,
        0
      ],
      "translation": [
        -2.75,
        8.75,
        23
      ],
      "scale": [
        4,
        4,
        4
      ]
    },
    "ground": {
      "rotation": [
        0,
        0,
        0
      ],
      "translation": [
        0,
        2,
        0
      ],
      "scale": [
        3,
        3,
        3
      ]
    }
  }
}