{
	"format_version": "1.12.0",
	"minecraft:geometry": [
		{
			"description": {
				"identifier": "geometry.fire_fists",
				"texture_width": 64,
				"texture_height": 64,
				"visible_bounds_width": 2,
				"visible_bounds_height": 3.5,
				"visible_bounds_offset": [0, 1.25, 0]
			},
			"bones": [
				{
					"name": "leftArm",
					"pivot": [5, 22, 0],
					"cubes": [
						{
							"origin": [4, 12, -2],
							"size": [3, 10, 4],
							"uv": {
								"north": {"uv": [33, 54], "uv_size": [3, 10]},
								"east": {"uv": [29, 54], "uv_size": [4, 10]},
								"south": {"uv": [40, 54], "uv_size": [3, 10]},
								"west": {"uv": [36, 54], "uv_size": [4, 10]},
								"down": {"uv": [36, 52], "uv_size": [3, -4]}
							}
						},
						{
							"origin": [4, 12, -2],
							"size": [3, 10, 4],
							"inflate": 0.26,
							"uv": {
								"north": {"uv": [48, 54], "uv_size": [3, 10]},
								"east": {"uv": [44, 54], "uv_size": [4, 10]},
								"south": {"uv": [55, 54], "uv_size": [3, 10]},
								"west": {"uv": [51, 54], "uv_size": [4, 10]},
								"down": {"uv": [51, 52], "uv_size": [3, -4]}
							}
						}
					]
				},
				{
					"name": "rightArm",
					"pivot": [-5, 22, 0],
					"cubes": [
						{
							"origin": [-7, 12, -2],
							"size": [3, 10, 4],
							"uv": {
								"north": {"uv": [19, 54], "uv_size": [3, 10]},
								"east": {"uv": [15, 54], "uv_size": [4, 10]},
								"south": {"uv": [26, 54], "uv_size": [3, 10]},
								"west": {"uv": [22, 54], "uv_size": [4, 10]},
								"down": {"uv": [22, 52], "uv_size": [3, -4]}
							}
						},
						{
							"origin": [-7, 12, -2],
							"size": [3, 10, 4],
							"inflate": 0.26,
							"uv": {
								"north": {"uv": [4, 54], "uv_size": [3, 10]},
								"east": {"uv": [0, 54], "uv_size": [4, 10]},
								"south": {"uv": [11, 54], "uv_size": [3, 10]},
								"west": {"uv": [7, 54], "uv_size": [4, 10]},
								"down": {"uv": [7, 52], "uv_size": [3, -4]}
							}
						}
					]
				}
			]
		}
	]
}