{
	"format_version": "1.12.0",
	"minecraft:geometry": [
		{
			"description": {
				"identifier": "geometry.holo_fists",
				"texture_width": 80,
				"texture_height": 80,
				"visible_bounds_width": 3,
				"visible_bounds_height": 2.5,
				"visible_bounds_offset": [0, 0.75, 0]
			},
			"bones": [
				{
					"name": "rightArm",
					"pivot": [-5, 22, 0],
					"cubes": [
						{"origin": [-8, 10, -3], "size": [4, 6, 6], "uv": [0, 32], "mirror": true},
						{
							"origin": [-7, 16, -2],
							"size": [3, 2, 4],
							"uv": {
								"north": {"uv": [8, 17], "uv_size": [-3, 2]},
								"east": {"uv": [12, 17], "uv_size": [-4, 2]},
								"south": {"uv": [15, 17], "uv_size": [-3, 2]},
								"west": {"uv": [4, 17], "uv_size": [-4, 2]}
							}
						}
					]
				},
				{
					"name": "leftArm",
					"pivot": [5, 22, 0],
					"cubes": [
						{"origin": [4, 10, -3], "size": [4, 6, 6], "uv": [0, 32]},
						{
							"origin": [4, 16, -2],
							"size": [3, 2, 4],
							"uv": {
								"north": {"uv": [5, 17], "uv_size": [3, 2]},
								"east": {"uv": [0, 17], "uv_size": [4, 2]},
								"south": {"uv": [12, 17], "uv_size": [3, 2]},
								"west": {"uv": [8, 17], "uv_size": [4, 2]}
							}
						}
					]
				}
			]
		}
	]
}