{
	"format_version": "1.12.0",
	"minecraft:geometry": [
		{
			"description": {
				"identifier": "geometry.holo_fists",
				"texture_width": 80,
				"texture_height": 80,
				"visible_bounds_width": 3,
				"visible_bounds_height": 2.5,
				"visible_bounds_offset": [0, 0.75, 0]
			},
			"bones": [
				{
					"name": "rightArm",
					"pivot": [-5, 22, 0],
					"cubes": [
						{"origin": [-9, 10, -3], "size": [5, 6, 6], "uv": [0, 0], "mirror": true},
						{"origin": [-8, 16, -2], "size": [4, 2, 4], "inflate": 0.01, "uv": [0, 13], "mirror": true}
					]
				},
				{
					"name": "leftArm",
					"pivot": [5, 22, 0],
					"cubes": [
						{"origin": [4, 10, -3], "size": [5, 6, 6], "uv": [0, 0]},
						{"origin": [4, 16, -2], "size": [4, 2, 4], "inflate": 0.01, "uv": [0, 13]}
					]
				}
			]
		}
	]
}