{
	"format_version": "1.12.0",
	"minecraft:geometry": [
		{
			"description": {
				"identifier": "geometry.lightning_fists",
				"texture_width": 64,
				"texture_height": 64,
				"visible_bounds_width": 2,
				"visible_bounds_height": 3.5,
				"visible_bounds_offset": [0, 1.25, 0]
			},
			"bones": [
				{
					"name": "rightArm",
					"pivot": [-5, 22, 0],
					"cubes": [
						{
							"origin": [-7, 12, -2],
							"size": [3, 12, 4],
							"inflate": 0.26,
							"uv": {
								"north": {"uv": [4, 52], "uv_size": [3, 12]},
								"east": {"uv": [0, 52], "uv_size": [4, 12]},
								"south": {"uv": [11, 52], "uv_size": [3, 12]},
								"west": {"uv": [7, 52], "uv_size": [4, 12]},
								"up": {"uv": [4, 48], "uv_size": [3, 4]},
								"down": {"uv": [7, 52], "uv_size": [3, -4]}
							}
						}
					]
				},
				{
					"name": "leftArm",
					"pivot": [5, 22, 0],
					"cubes": [
						{
							"origin": [4, 12, -2],
							"size": [3, 12, 4],
							"inflate": 0.26,
							"uv": {
								"north": {"uv": [46, 52], "uv_size": [3, 12]},
								"east": {"uv": [42, 52], "uv_size": [4, 12]},
								"south": {"uv": [53, 52], "uv_size": [3, 12]},
								"west": {"uv": [49, 52], "uv_size": [4, 12]},
								"up": {"uv": [46, 48], "uv_size": [3, 4]},
								"down": {"uv": [49, 52], "uv_size": [3, -4]}
							}
						}
					]
				}
			]
		}
	]
}