{
	"format_version": "1.12.0",
	"minecraft:geometry": [
		{
			"description": {
				"identifier": "geometry.futuristic_backpack",
				"texture_width": 64,
				"texture_height": 64,
				"visible_bounds_width": 3,
				"visible_bounds_height": 3.5,
				"visible_bounds_offset": [0, 1.25, 0]
			},
			"bones": [
				{
					"name": "futuristic_backpack",
					"pivot": [0, 18.00535, 5.5748],
					"cubes": [
						{
							"origin": [-6, 12, 1.9],
							"size": [12, 12, 3],
							"uv": {
								"north": {"uv": [0, 0], "uv_size": [12, 12]},
								"east": {"uv": [10, 24], "uv_size": [3, 12]},
								"south": {"uv": [0, 12], "uv_size": [12, 12]},
								"west": {"uv": [13, 24], "uv_size": [3, 12]},
								"up": {"uv": [16, 24], "uv_size": [12, 3]},
								"down": {"uv": [16, 30], "uv_size": [12, -3]}
							}
						},
						{
							"origin": [-5, 20.6967, 6.58198],
							"size": [10, 4, 3],
							"pivot": [1, 18.6967, 8.08198],
							"rotation": [45, 0, 0],
							"uv": {
								"east": {"uv": [9, 36], "uv_size": [3, 4]},
								"south": {"uv": [22, 4], "uv_size": [10, 4]},
								"west": {"uv": [12, 36], "uv_size": [3, 4]}
							}
						},
						{
							"origin": [-4, 20.2967, 9.58198],
							"size": [8, 6.4, 1],
							"pivot": [1, 18.6967, 8.08198],
							"rotation": [45, 0, 0],
							"uv": {
								"north": {"uv": [12, 12], "uv_size": [8, 6]},
								"east": {"uv": [21, 39], "uv_size": [1, 6]},
								"south": {"uv": [12, 18], "uv_size": [8, 6]},
								"west": {"uv": [14, 40], "uv_size": [1, 6]},
								"up": {"uv": [38, 12], "uv_size": [8, 1]},
								"down": {"uv": [38, 14], "uv_size": [8, -1]}
							}
						},
						{
							"origin": [-4, 10.85551, 11.87487],
							"size": [8, 6.4, 1],
							"pivot": [3, 20.85551, 7.37487],
							"rotation": [-45, 0, 0],
							"uv": {
								"north": {"uv": [20, 12], "uv_size": [8, 6]},
								"east": {"uv": [18, 41], "uv_size": [1, 6]},
								"south": {"uv": [20, 18], "uv_size": [8, 6]},
								"west": {"uv": [19, 41], "uv_size": [1, 6]},
								"up": {"uv": [38, 14], "uv_size": [8, 1]},
								"down": {"uv": [38, 16], "uv_size": [8, -1]}
							}
						},
						{
							"origin": [-4, 24.6967, 7.58198],
							"size": [8, 2, 2],
							"pivot": [1, 18.6967, 8.08198],
							"rotation": [45, 0, 0],
							"uv": {
								"east": {"uv": [37, 41], "uv_size": [2, 2]},
								"west": {"uv": [41, 38], "uv_size": [2, 2]},
								"up": {"uv": [32, 10], "uv_size": [8, 2]}
							}
						},
						{
							"origin": [-4, 14.26972, 9.63223],
							"size": [8, 2, 2],
							"pivot": [1, 22.26972, 3.13223],
							"rotation": [-45, 0, 0],
							"uv": {
								"east": {"uv": [39, 41], "uv_size": [2, 2]},
								"west": {"uv": [41, 40], "uv_size": [2, 2]},
								"down": {"uv": [35, 2], "uv_size": [8, -2]}
							}
						},
						{
							"origin": [1, 14.42084, 7.71838],
							"size": [3, 7.175, 1],
							"uv": {
								"east": {"uv": [3, 38], "uv_size": [1, 7]},
								"south": {"uv": [0, 31], "uv_size": [3, 7]},
								"west": {"uv": [4, 38], "uv_size": [1, 7]}
							}
						},
						{
							"origin": [-4, 14.42084, 7.71838],
							"size": [3, 7.175, 1],
							"uv": {
								"east": {"uv": [5, 38], "uv_size": [1, 7]},
								"south": {"uv": [6, 31], "uv_size": [3, 7]},
								"west": {"uv": [6, 38], "uv_size": [1, 7]}
							}
						},
						{
							"origin": [-5, 11.3033, 6.58198],
							"size": [10, 4, 3],
							"pivot": [2, 17.3033, 8.08198],
							"rotation": [-45, 0, 0],
							"uv": {
								"east": {"uv": [36, 35], "uv_size": [3, 4]},
								"south": {"uv": [0, 24], "uv_size": [10, 4]},
								"west": {"uv": [25, 37], "uv_size": [3, 4]}
							}
						},
						{
							"origin": [-5, 14.82843, 4.72843],
							"size": [10, 6.35, 3],
							"uv": {
								"east": {"uv": [31, 27], "uv_size": [3, 6]},
								"south": {"uv": [12, 6], "uv_size": [10, 6]},
								"west": {"uv": [32, 0], "uv_size": [3, 6]},
								"up": {"uv": [28, 21], "uv_size": [10, 3]}
							}
						}
					]
				},
				{
					"name": "attachments",
					"parent": "futuristic_backpack",
					"pivot": [1, 18.6967, 9.08198],
					"cubes": [
						{
							"origin": [6, 14, 1.9],
							"size": [1, 8, 3],
							"uv": {
								"north": {"uv": [15, 36], "uv_size": [1, 8]},
								"south": {"uv": [0, 38], "uv_size": [1, 8]},
								"west": {"uv": [16, 30], "uv_size": [3, 8]},
								"up": {"uv": [9, 31], "uv_size": [1, 3]},
								"down": {"uv": [20, 44], "uv_size": [1, -3]}
							}
						},
						{
							"origin": [5, 15, 4.9],
							"size": [1, 6, 2],
							"uv": {
								"south": {"uv": [8, 38], "uv_size": [1, 6]},
								"west": {"uv": [30, 35], "uv_size": [2, 6]},
								"up": {"uv": [9, 34], "uv_size": [1, 2]},
								"down": {"uv": [10, 44], "uv_size": [1, -2]}
							}
						},
						{
							"origin": [1, 21.3467, 10.58198],
							"size": [2, 2.15, 1],
							"pivot": [1, 18.6967, 8.08198],
							"rotation": [45, 0, 0],
							"uv": {
								"east": {"uv": [11, 42], "uv_size": [1, 2]},
								"south": {"uv": [41, 21], "uv_size": [2, 2]},
								"west": {"uv": [16, 42], "uv_size": [1, 2]},
								"up": {"uv": [39, 22], "uv_size": [2, 1]},
								"down": {"uv": [42, 19], "uv_size": [2, -1]}
							}
						},
						{
							"origin": [-3, 21.3467, 10.58198],
							"size": [2, 2.15, 1],
							"pivot": [-1, 18.6967, 8.08198],
							"rotation": [45, 0, 0],
							"uv": {
								"east": {"uv": [17, 42], "uv_size": [1, 2]},
								"south": {"uv": [41, 23], "uv_size": [2, 2]},
								"west": {"uv": [42, 27], "uv_size": [1, 2]},
								"up": {"uv": [42, 29], "uv_size": [2, 1]},
								"down": {"uv": [42, 31], "uv_size": [2, -1]}
							}
						},
						{
							"origin": [-3, 14.6413, 11.46066],
							"size": [6, 2.15, 1],
							"pivot": [1, 19.4413, 5.96066],
							"rotation": [-45, 0, 0],
							"uv": {
								"east": {"uv": [42, 31], "uv_size": [1, 2]},
								"south": {"uv": [35, 4], "uv_size": [6, 2]},
								"west": {"uv": [42, 36], "uv_size": [1, 2]},
								"up": {"uv": [16, 38], "uv_size": [6, 1]},
								"down": {"uv": [38, 17], "uv_size": [6, -1]}
							}
						},
						{
							"origin": [-6, 15, 4.9],
							"size": [1, 6, 2],
							"uv": {
								"east": {"uv": [32, 35], "uv_size": [2, 6]},
								"south": {"uv": [22, 38], "uv_size": [1, 6]},
								"up": {"uv": [41, 42], "uv_size": [1, 2]},
								"down": {"uv": [42, 44], "uv_size": [1, -2]}
							}
						},
						{
							"origin": [-7, 14, 1.9],
							"size": [1, 8, 3],
							"uv": {
								"north": {"uv": [1, 38], "uv_size": [1, 8]},
								"east": {"uv": [19, 30], "uv_size": [3, 8]},
								"south": {"uv": [2, 38], "uv_size": [1, 8]},
								"up": {"uv": [42, 5], "uv_size": [1, 3]},
								"down": {"uv": [9, 45], "uv_size": [1, -3]}
							}
						},
						{
							"origin": [2, 11.4413, 11.46066],
							"size": [2, 2, 3],
							"pivot": [1, 19.4413, 5.96066],
							"rotation": [-45, 0, 0],
							"uv": {
								"east": {"uv": [38, 23], "uv_size": [3, 2]},
								"south": {"uv": [41, 25], "uv_size": [2, 2]},
								"west": {"uv": [38, 25], "uv_size": [3, 2]},
								"up": {"uv": [23, 38], "uv_size": [2, 3]},
								"down": {"uv": [16, 42], "uv_size": [2, -3]}
							}
						},
						{
							"origin": [-4, 11.4413, 11.46066],
							"size": [2, 2, 3],
							"pivot": [1, 19.4413, 5.96066],
							"rotation": [-45, 0, 0],
							"uv": {
								"east": {"uv": [39, 17], "uv_size": [3, 2]},
								"south": {"uv": [29, 41], "uv_size": [2, 2]},
								"west": {"uv": [18, 39], "uv_size": [3, 2]},
								"up": {"uv": [39, 19], "uv_size": [2, 3]},
								"down": {"uv": [39, 36], "uv_size": [2, -3]}
							}
						},
						{
							"origin": [2, 24.6967, 10.58198],
							"size": [2, 2, 3],
							"pivot": [1, 18.6967, 8.08198],
							"rotation": [45, 0, 0],
							"uv": {
								"east": {"uv": [36, 39], "uv_size": [3, 2]},
								"south": {"uv": [33, 41], "uv_size": [2, 2]},
								"west": {"uv": [39, 36], "uv_size": [3, 2]},
								"up": {"uv": [39, 38], "uv_size": [2, 3]},
								"down": {"uv": [40, 9], "uv_size": [2, -3]}
							}
						},
						{
							"origin": [-4, 24.6967, 10.58198],
							"size": [2, 2, 3],
							"pivot": [1, 18.6967, 8.08198],
							"rotation": [45, 0, 0],
							"uv": {
								"east": {"uv": [9, 40], "uv_size": [3, 2]},
								"south": {"uv": [35, 41], "uv_size": [2, 2]},
								"west": {"uv": [40, 9], "uv_size": [3, 2]},
								"up": {"uv": [12, 40], "uv_size": [2, 3]},
								"down": {"uv": [41, 5], "uv_size": [2, -3]}
							}
						}
					]
				}
			]
		}
	]
}