{
	"format_version": "1.12.0",
	"minecraft:geometry": [
		{
			"description": {
				"identifier": "geometry.hunting_backpack",
				"texture_width": 64,
				"texture_height": 64,
				"visible_bounds_width": 3,
				"visible_bounds_height": 3.5,
				"visible_bounds_offset": [0, 1.25, 0]
			},
			"bones": [
				{
					"name": "hunting_backpack2",
					"pivot": [0, 21, 7]
				},
				{
					"name": "attachments",
					"parent": "hunting_backpack2",
					"pivot": [0, 21, 7]
				},
				{
					"name": "flashlight",
					"parent": "attachments",
					"pivot": [-7.4968, 19.59447, 7],
					"cubes": [
						{
							"origin": [-8.4968, 16.34447, 3],
							"size": [2, 3, 2],
							"pivot": [-7.4968, 19.59447, 4],
							"rotation": [0, 0, -22.5],
							"uv": {
								"north": {"uv": [4, 26], "uv_size": [2, 3]},
								"east": {"uv": [2, 33], "uv_size": [2, 3]},
								"south": {"uv": [4, 33], "uv_size": [2, 3]},
								"west": {"uv": [6, 33], "uv_size": [2, 3]}
							}
						},
						{
							"origin": [-9.4968, 19.34447, 2],
							"size": [4, 2, 4],
							"pivot": [-7.4968, 19.59447, 4],
							"rotation": [0, 0, -22.5],
							"uv": {
								"north": {"uv": [31, 0], "uv_size": [4, 2]},
								"east": {"uv": [31, 2], "uv_size": [4, 2]},
								"south": {"uv": [31, 4], "uv_size": [4, 2]},
								"west": {"uv": [31, 6], "uv_size": [4, 2]},
								"up": {"uv": [18, 25], "uv_size": [4, 4]},
								"down": {"uv": [0, 30], "uv_size": [4, -4]}
							}
						}
					]
				},
				{
					"name": "thermos",
					"parent": "attachments",
					"pivot": [8, 13, -1],
					"cubes": [
						{
							"origin": [5.5, 17, 3],
							"size": [2, 2, 2],
							"uv": {
								"north": {"uv": [16, 19], "uv_size": [2, 2]},
								"east": {"uv": [14, 23], "uv_size": [2, 2]},
								"south": {"uv": [32, 18], "uv_size": [2, 2]},
								"west": {"uv": [16, 33], "uv_size": [2, 2]}
							}
						},
						{
							"origin": [5, 19, 2.5],
							"size": [3, 1, 3],
							"uv": {
								"north": {"uv": [35, 25], "uv_size": [3, 1]},
								"south": {"uv": [2, 36], "uv_size": [3, 1]},
								"west": {"uv": [5, 36], "uv_size": [3, 1]},
								"up": {"uv": [0, 30], "uv_size": [3, 3]},
								"down": {"uv": [30, 27], "uv_size": [3, -3]}
							}
						},
						{
							"origin": [5.5, 20, 3],
							"size": [2, 1, 2],
							"uv": {
								"north": {"uv": [26, 37], "uv_size": [2, 1]},
								"east": {"uv": [37, 26], "uv_size": [2, 1]},
								"south": {"uv": [37, 28], "uv_size": [2, 1]},
								"west": {"uv": [37, 29], "uv_size": [2, 1]},
								"up": {"uv": [33, 24], "uv_size": [2, 2]}
							}
						}
					]
				},
				{
					"name": "gun",
					"parent": "attachments",
					"pivot": [8, 13, -1],
					"cubes": [
						{
							"origin": [-8, 13, 9],
							"size": [4, 4, 2],
							"uv": {
								"north": {"uv": [26, 23], "uv_size": [4, 4]},
								"east": {"uv": [22, 31], "uv_size": [2, 4]},
								"south": {"uv": [22, 27], "uv_size": [4, 4]},
								"west": {"uv": [24, 31], "uv_size": [2, 4]},
								"up": {"uv": [26, 31], "uv_size": [4, 2]},
								"down": {"uv": [30, 33], "uv_size": [4, -2]}
							}
						},
						{
							"origin": [-4, 14, 9],
							"size": [8, 2, 2],
							"uv": {
								"south": {"uv": [26, 12], "uv_size": [8, 2]},
								"west": {"uv": [34, 10], "uv_size": [2, 2]},
								"up": {"uv": [26, 14], "uv_size": [8, 2]},
								"down": {"uv": [26, 18], "uv_size": [8, -2]}
							}
						},
						{
							"origin": [-3, 16, 9],
							"size": [2, 1.5, 1.5],
							"pivot": [-0.5, 16.5, 10],
							"rotation": [-45, 0, 0],
							"uv": {
								"north": {"uv": [34, 16], "uv_size": [2, 2]},
								"east": {"uv": [34, 18], "uv_size": [2, 2]},
								"south": {"uv": [34, 27], "uv_size": [2, 2]},
								"west": {"uv": [34, 29], "uv_size": [2, 2]},
								"up": {"uv": [34, 31], "uv_size": [2, 2]},
								"down": {"uv": [32, 36], "uv_size": [2, -2]}
							}
						},
						{
							"origin": [-1, 16.25, 9.25],
							"size": [2, 1, 1],
							"pivot": [-0.5, 16.5, 10],
							"rotation": [-45, 0, 0],
							"uv": {
								"north": {"uv": [35, 37], "uv_size": [2, 1]},
								"south": {"uv": [37, 36], "uv_size": [2, 1]},
								"up": {"uv": [37, 37], "uv_size": [2, 1]},
								"down": {"uv": [0, 39], "uv_size": [2, -1]}
							}
						},
						{
							"origin": [1, 16, 9],
							"size": [2, 1.5, 1.5],
							"pivot": [-0.5, 16.5, 10],
							"rotation": [-45, 0, 0],
							"uv": {
								"north": {"uv": [34, 34], "uv_size": [2, 2]},
								"east": {"uv": [35, 0], "uv_size": [2, 2]},
								"south": {"uv": [35, 2], "uv_size": [2, 2]},
								"west": {"uv": [35, 4], "uv_size": [2, 2]},
								"up": {"uv": [35, 6], "uv_size": [2, 2]},
								"down": {"uv": [16, 37], "uv_size": [2, -2]}
							}
						},
						{
							"origin": [-1.5, 12, 9.5],
							"size": [2, 2, 1],
							"uv": {
								"north": {"uv": [34, 12], "uv_size": [2, 2]},
								"east": {"uv": [17, 37], "uv_size": [1, 2]},
								"south": {"uv": [34, 14], "uv_size": [2, 2]},
								"west": {"uv": [37, 30], "uv_size": [1, 2]},
								"down": {"uv": [37, 34], "uv_size": [2, -1]}
							}
						},
						{
							"origin": [4, 14.5, 9.5],
							"size": [4, 1, 1],
							"uv": {
								"north": {"uv": [20, 10], "uv_size": [4, 1]},
								"south": {"uv": [26, 20], "uv_size": [4, 1]},
								"west": {"uv": [38, 35], "uv_size": [1, 1]},
								"up": {"uv": [33, 26], "uv_size": [4, 1]},
								"down": {"uv": [32, 34], "uv_size": [4, -1]}
							}
						}
					]
				},
				{
					"name": "right_antler",
					"parent": "attachments",
					"pivot": [-3.52513, 25.26777, 7.5],
					"cubes": [
						{
							"origin": [-7, 24.5, 4],
							"size": [3, 1, 1],
							"pivot": [-5.5, 24.5, 4.5],
							"rotation": [0, 0, 45],
							"uv": {
								"north": {"uv": [18, 35], "uv_size": [3, 1]},
								"south": {"uv": [35, 20], "uv_size": [3, 1]},
								"west": {"uv": [38, 1], "uv_size": [1, 1]},
								"up": {"uv": [21, 35], "uv_size": [3, 1]},
								"down": {"uv": [35, 22], "uv_size": [3, -1]}
							}
						},
						{
							"origin": [-7.85355, 25.26777, 4],
							"size": [2, 1, 1],
							"uv": {
								"north": {"uv": [37, 6], "uv_size": [2, 1]},
								"south": {"uv": [7, 37], "uv_size": [2, 1]},
								"up": {"uv": [37, 7], "uv_size": [2, 1]},
								"down": {"uv": [9, 38], "uv_size": [2, -1]}
							}
						},
						{
							"origin": [-7.58609, 24.92314, 4],
							"size": [1, 4, 1],
							"pivot": [-8.58609, 24.42314, 4.5],
							"rotation": [0, 0, -22.5],
							"uv": {
								"north": {"uv": [12, 33], "uv_size": [1, 4]},
								"east": {"uv": [13, 33], "uv_size": [1, 4]},
								"south": {"uv": [14, 33], "uv_size": [1, 4]},
								"west": {"uv": [15, 33], "uv_size": [1, 4]},
								"up": {"uv": [28, 38], "uv_size": [1, 1]}
							}
						},
						{
							"origin": [-6.58609, 26.92314, 4],
							"size": [2, 1, 1],
							"pivot": [-8.58609, 24.42314, 4.5],
							"rotation": [0, 0, -22.5],
							"uv": {
								"north": {"uv": [37, 18], "uv_size": [2, 1]},
								"south": {"uv": [20, 37], "uv_size": [2, 1]},
								"west": {"uv": [33, 38], "uv_size": [1, 1]},
								"up": {"uv": [22, 37], "uv_size": [2, 1]},
								"down": {"uv": [24, 38], "uv_size": [2, -1]}
							}
						},
						{
							"origin": [-9.58609, 25.92314, 4],
							"size": [2, 1, 1],
							"pivot": [-8.58609, 24.42314, 4.5],
							"rotation": [0, 0, -22.5],
							"uv": {
								"north": {"uv": [11, 37], "uv_size": [2, 1]},
								"south": {"uv": [37, 12], "uv_size": [2, 1]},
								"up": {"uv": [13, 37], "uv_size": [2, 1]},
								"down": {"uv": [37, 14], "uv_size": [2, -1]}
							}
						},
						{
							"origin": [-11.03966, 23.46957, 4],
							"size": [1, 2, 1],
							"pivot": [-8.53966, 24.46957, 4.5],
							"rotation": [0, 0, 22.5],
							"uv": {
								"north": {"uv": [37, 14], "uv_size": [1, 2]},
								"east": {"uv": [15, 37], "uv_size": [1, 2]},
								"south": {"uv": [16, 37], "uv_size": [1, 2]},
								"west": {"uv": [37, 16], "uv_size": [1, 2]},
								"down": {"uv": [38, 32], "uv_size": [1, -1]}
							}
						},
						{
							"origin": [-7.85355, 24.26777, 4],
							"size": [1, 1, 1],
							"uv": {
								"north": {"uv": [38, 24], "uv_size": [1, 1]},
								"east": {"uv": [25, 38], "uv_size": [1, 1]},
								"south": {"uv": [38, 25], "uv_size": [1, 1]},
								"west": {"uv": [26, 38], "uv_size": [1, 1]},
								"down": {"uv": [38, 28], "uv_size": [1, -1]}
							}
						},
						{
							"origin": [-6, 25.5, 4],
							"size": [1, 2, 1],
							"pivot": [-5.5, 24.5, 4.5],
							"rotation": [0, 0, 45],
							"uv": {
								"north": {"uv": [37, 0], "uv_size": [1, 2]},
								"east": {"uv": [2, 37], "uv_size": [1, 2]},
								"south": {"uv": [37, 2], "uv_size": [1, 2]},
								"west": {"uv": [3, 37], "uv_size": [1, 2]}
							}
						},
						{
							"origin": [-4.02513, 26.26777, 4],
							"size": [1, 2, 1],
							"uv": {
								"north": {"uv": [4, 37], "uv_size": [1, 2]},
								"east": {"uv": [37, 4], "uv_size": [1, 2]},
								"south": {"uv": [5, 37], "uv_size": [1, 2]},
								"west": {"uv": [6, 37], "uv_size": [1, 2]},
								"up": {"uv": [38, 22], "uv_size": [1, 1]}
							}
						}
					]
				},
				{
					"name": "left_antler",
					"parent": "attachments",
					"pivot": [3.52513, 25.26777, 7.5],
					"cubes": [
						{
							"origin": [4, 24.5, 4],
							"size": [3, 1, 1],
							"pivot": [5.5, 24.5, 4.5],
							"rotation": [0, 0, -45],
							"uv": {
								"north": {"uv": [35, 22], "uv_size": [3, 1]},
								"east": {"uv": [38, 20], "uv_size": [1, 1]},
								"south": {"uv": [35, 23], "uv_size": [3, 1]},
								"up": {"uv": [24, 35], "uv_size": [3, 1]},
								"down": {"uv": [35, 25], "uv_size": [3, -1]}
							}
						},
						{
							"origin": [5.85355, 25.26777, 4],
							"size": [2, 1, 1],
							"uv": {
								"north": {"uv": [36, 34], "uv_size": [2, 1]},
								"south": {"uv": [35, 36], "uv_size": [2, 1]},
								"up": {"uv": [36, 35], "uv_size": [2, 1]},
								"down": {"uv": [0, 38], "uv_size": [2, -1]}
							}
						},
						{
							"origin": [6.58609, 24.92314, 4],
							"size": [1, 4, 1],
							"pivot": [8.58609, 24.42314, 4.5],
							"rotation": [0, 0, 22.5],
							"uv": {
								"north": {"uv": [8, 33], "uv_size": [1, 4]},
								"east": {"uv": [9, 33], "uv_size": [1, 4]},
								"south": {"uv": [10, 33], "uv_size": [1, 4]},
								"west": {"uv": [11, 33], "uv_size": [1, 4]},
								"up": {"uv": [18, 38], "uv_size": [1, 1]}
							}
						},
						{
							"origin": [5, 25.5, 4],
							"size": [1, 2, 1],
							"pivot": [5.5, 24.5, 4.5],
							"rotation": [0, 0, -45],
							"uv": {
								"north": {"uv": [32, 36], "uv_size": [1, 2]},
								"east": {"uv": [36, 32], "uv_size": [1, 2]},
								"south": {"uv": [33, 36], "uv_size": [1, 2]},
								"west": {"uv": [34, 36], "uv_size": [1, 2]}
							}
						},
						{
							"origin": [4.58609, 26.92314, 4],
							"size": [2, 1, 1],
							"pivot": [8.58609, 24.42314, 4.5],
							"rotation": [0, 0, 22.5],
							"uv": {
								"north": {"uv": [22, 36], "uv_size": [2, 1]},
								"east": {"uv": [13, 38], "uv_size": [1, 1]},
								"south": {"uv": [24, 36], "uv_size": [2, 1]},
								"up": {"uv": [26, 36], "uv_size": [2, 1]},
								"down": {"uv": [36, 28], "uv_size": [2, -1]}
							}
						},
						{
							"origin": [7.58609, 25.92314, 4],
							"size": [2, 1, 1],
							"pivot": [8.58609, 24.42314, 4.5],
							"rotation": [0, 0, 22.5],
							"uv": {
								"north": {"uv": [6, 22], "uv_size": [2, 1]},
								"south": {"uv": [24, 10], "uv_size": [2, 1]},
								"up": {"uv": [36, 19], "uv_size": [2, 1]},
								"down": {"uv": [20, 37], "uv_size": [2, -1]}
							}
						},
						{
							"origin": [10.03966, 23.46957, 4],
							"size": [1, 2, 1],
							"pivot": [8.53966, 24.46957, 4.5],
							"rotation": [0, 0, -22.5],
							"uv": {
								"north": {"uv": [36, 15], "uv_size": [1, 2]},
								"east": {"uv": [36, 17], "uv_size": [1, 2]},
								"south": {"uv": [18, 36], "uv_size": [1, 2]},
								"west": {"uv": [19, 36], "uv_size": [1, 2]},
								"down": {"uv": [10, 39], "uv_size": [1, -1]}
							}
						},
						{
							"origin": [6.85355, 24.26777, 4],
							"size": [1, 1, 1],
							"uv": {
								"north": {"uv": [38, 2], "uv_size": [1, 1]},
								"east": {"uv": [38, 3], "uv_size": [1, 1]},
								"south": {"uv": [38, 4], "uv_size": [1, 1]},
								"west": {"uv": [38, 5], "uv_size": [1, 1]},
								"down": {"uv": [8, 39], "uv_size": [1, -1]}
							}
						},
						{
							"origin": [3.02513, 26.26777, 4],
							"size": [1, 2, 1],
							"uv": {
								"north": {"uv": [28, 36], "uv_size": [1, 2]},
								"east": {"uv": [36, 28], "uv_size": [1, 2]},
								"south": {"uv": [29, 36], "uv_size": [1, 2]},
								"west": {"uv": [36, 30], "uv_size": [1, 2]},
								"up": {"uv": [38, 14], "uv_size": [1, 1]}
							}
						}
					]
				},
				{
					"name": "hooks",
					"parent": "attachments",
					"pivot": [8, 13, -1],
					"cubes": [
						{
							"origin": [-3, 14, 11],
							"size": [1, 1, 1],
							"uv": {
								"east": {"uv": [3, 39], "uv_size": [1, 1]},
								"south": {"uv": [39, 3], "uv_size": [1, 1]},
								"west": {"uv": [4, 39], "uv_size": [1, 1]},
								"up": {"uv": [39, 4], "uv_size": [1, 1]}
							}
						},
						{
							"origin": [-3, 13, 9],
							"size": [1, 1, 3],
							"uv": {
								"east": {"uv": [36, 10], "uv_size": [3, 1]},
								"south": {"uv": [6, 39], "uv_size": [1, 1]},
								"west": {"uv": [36, 11], "uv_size": [3, 1]},
								"down": {"uv": [36, 15], "uv_size": [1, -3]}
							}
						},
						{
							"origin": [2, 14, 11],
							"size": [1, 1, 1],
							"uv": {
								"east": {"uv": [0, 39], "uv_size": [1, 1]},
								"south": {"uv": [39, 0], "uv_size": [1, 1]},
								"west": {"uv": [1, 39], "uv_size": [1, 1]},
								"up": {"uv": [39, 1], "uv_size": [1, 1]}
							}
						},
						{
							"origin": [2, 13, 9],
							"size": [1, 1, 3],
							"uv": {
								"east": {"uv": [36, 8], "uv_size": [3, 1]},
								"south": {"uv": [38, 34], "uv_size": [1, 1]},
								"west": {"uv": [36, 9], "uv_size": [3, 1]},
								"down": {"uv": [30, 38], "uv_size": [1, -3]}
							}
						}
					]
				},
				{
					"name": "hunting_backpack",
					"parent": "hunting_backpack2",
					"pivot": [8, 13, -1],
					"cubes": [
						{
							"origin": [-5, 13, 2],
							"size": [10, 11, 4],
							"uv": {
								"north": {"uv": [0, 0], "uv_size": [10, 11]},
								"east": {"uv": [0, 11], "uv_size": [4, 11]},
								"south": {"uv": [10, 0], "uv_size": [10, 11]},
								"west": {"uv": [4, 11], "uv_size": [4, 11]},
								"up": {"uv": [8, 11], "uv_size": [10, 4]},
								"down": {"uv": [8, 19], "uv_size": [10, -4]}
							}
						},
						{
							"origin": [-4, 23.00523, 2.00104],
							"size": [8, 2, 5],
							"pivot": [0, 23.50523, 4.50104],
							"rotation": [-22.5, 0, 0],
							"uv": {
								"north": {"uv": [22, 21], "uv_size": [8, 2]},
								"east": {"uv": [30, 20], "uv_size": [5, 2]},
								"south": {"uv": [6, 23], "uv_size": [8, 2]},
								"west": {"uv": [30, 22], "uv_size": [5, 2]},
								"up": {"uv": [18, 11], "uv_size": [8, 5]},
								"down": {"uv": [18, 21], "uv_size": [8, -5]}
							}
						},
						{
							"origin": [5, 13, 2],
							"size": [3, 4, 4],
							"uv": {
								"north": {"uv": [26, 27], "uv_size": [3, 4]},
								"south": {"uv": [28, 0], "uv_size": [3, 4]},
								"west": {"uv": [6, 25], "uv_size": [4, 4]},
								"up": {"uv": [28, 4], "uv_size": [3, 4]},
								"down": {"uv": [4, 33], "uv_size": [3, -4]}
							}
						},
						{
							"origin": [-8, 13, 2],
							"size": [3, 4, 4],
							"uv": {
								"north": {"uv": [7, 29], "uv_size": [3, 4]},
								"east": {"uv": [10, 25], "uv_size": [4, 4]},
								"south": {"uv": [10, 29], "uv_size": [3, 4]},
								"up": {"uv": [13, 29], "uv_size": [3, 4]},
								"down": {"uv": [16, 33], "uv_size": [3, -4]}
							}
						},
						{
							"origin": [-4, 13, 6],
							"size": [8, 4, 3],
							"uv": {
								"east": {"uv": [19, 29], "uv_size": [3, 4]},
								"south": {"uv": [20, 0], "uv_size": [8, 4]},
								"west": {"uv": [29, 27], "uv_size": [3, 4]},
								"up": {"uv": [20, 4], "uv_size": [8, 3]},
								"down": {"uv": [20, 10], "uv_size": [8, -3]}
							}
						},
						{
							"origin": [-3, 17, 6],
							"size": [6, 4, 2],
							"uv": {
								"east": {"uv": [32, 27], "uv_size": [2, 4]},
								"south": {"uv": [0, 22], "uv_size": [6, 4]},
								"west": {"uv": [0, 33], "uv_size": [2, 4]},
								"up": {"uv": [26, 18], "uv_size": [6, 2]}
							}
						}
					]
				}
			]
		}
	]
}