{
	"format_version": "1.12.0",
	"minecraft:geometry": [
		{
			"description": {
				"identifier": "geometry.jet_pack_backpack",
				"texture_width": 64,
				"texture_height": 64,
				"visible_bounds_width": 3,
				"visible_bounds_height": 3.5,
				"visible_bounds_offset": [0, 1.25, 0]
			},
			"bones": [
				{
					"name": "jet_pack",
					"pivot": [0, 15.5, 4.5],
					"cubes": [
						{
							"origin": [-3, 13, 3],
							"size": [6, 10, 3],
							"uv": {
								"north": {"uv": [0, 0], "uv_size": [6, 10]},
								"south": {"uv": [6, 0], "uv_size": [6, 10]},
								"up": {"uv": [28, 0], "uv_size": [6, 3]},
								"down": {"uv": [28, 6], "uv_size": [6, -3]}
							}
						}
					]
				},
				{
					"name": "attachments",
					"parent": "jet_pack",
					"pivot": [8, 23.5, 3],
					"cubes": [
						{
							"origin": [8, 19, 3],
							"size": [1, 4, 3],
							"uv": {
								"north": {"uv": [37, 14], "uv_size": [1, 4]},
								"south": {"uv": [18, 37], "uv_size": [1, 4]},
								"west": {"uv": [28, 18], "uv_size": [3, 4]},
								"up": {"uv": [37, 26], "uv_size": [1, 3]},
								"down": {"uv": [28, 40], "uv_size": [1, -3]}
							}
						},
						{
							"origin": [7, 19, 7],
							"size": [2, 1, 1],
							"uv": {
								"south": {"uv": [38, 9], "uv_size": [2, 1]},
								"west": {"uv": [31, 38], "uv_size": [1, 1]},
								"up": {"uv": [38, 10], "uv_size": [2, 1]},
								"down": {"uv": [38, 12], "uv_size": [2, -1]}
							}
						},
						{
							"origin": [8, 19, 6],
							"size": [1, 1, 1],
							"uv": {
								"west": {"uv": [24, 39], "uv_size": [1, 1]},
								"up": {"uv": [39, 24], "uv_size": [1, 1]},
								"down": {"uv": [25, 40], "uv_size": [1, -1]}
							}
						},
						{
							"origin": [4, 13, 7],
							"size": [3, 8, 1],
							"uv": {
								"east": {"uv": [14, 35], "uv_size": [1, 8]},
								"south": {"uv": [25, 8], "uv_size": [3, 8]},
								"west": {"uv": [15, 35], "uv_size": [1, 8]},
								"up": {"uv": [29, 37], "uv_size": [3, 1]},
								"down": {"uv": [37, 30], "uv_size": [3, -1]}
							}
						},
						{
							"origin": [2, 19, 7],
							"size": [2, 1, 1],
							"uv": {
								"east": {"uv": [39, 25], "uv_size": [1, 1]},
								"south": {"uv": [38, 15], "uv_size": [2, 1]},
								"up": {"uv": [38, 16], "uv_size": [2, 1]},
								"down": {"uv": [38, 18], "uv_size": [2, -1]}
							}
						},
						{
							"origin": [2, 19, 6],
							"size": [1, 1, 1],
							"uv": {
								"east": {"uv": [29, 39], "uv_size": [1, 1]},
								"up": {"uv": [34, 39], "uv_size": [1, 1]},
								"down": {"uv": [35, 40], "uv_size": [1, -1]}
							}
						},
						{
							"origin": [-4, 19, 7],
							"size": [2, 1, 1],
							"uv": {
								"south": {"uv": [38, 19], "uv_size": [2, 1]},
								"west": {"uv": [37, 39], "uv_size": [1, 1]},
								"up": {"uv": [38, 20], "uv_size": [2, 1]},
								"down": {"uv": [38, 22], "uv_size": [2, -1]}
							}
						},
						{
							"origin": [-3, 19, 6],
							"size": [1, 1, 1],
							"uv": {
								"west": {"uv": [40, 0], "uv_size": [1, 1]},
								"up": {"uv": [1, 40], "uv_size": [1, 1]},
								"down": {"uv": [40, 2], "uv_size": [1, -1]}
							}
						},
						{
							"origin": [-7, 13, 7],
							"size": [3, 8, 1],
							"uv": {
								"east": {"uv": [16, 35], "uv_size": [1, 8]},
								"south": {"uv": [8, 27], "uv_size": [3, 8]},
								"west": {"uv": [17, 35], "uv_size": [1, 8]},
								"up": {"uv": [37, 30], "uv_size": [3, 1]},
								"down": {"uv": [37, 32], "uv_size": [3, -1]}
							}
						},
						{
							"origin": [-9, 19, 7],
							"size": [2, 1, 1],
							"uv": {
								"east": {"uv": [2, 40], "uv_size": [1, 1]},
								"south": {"uv": [38, 26], "uv_size": [2, 1]},
								"up": {"uv": [38, 27], "uv_size": [2, 1]},
								"down": {"uv": [38, 29], "uv_size": [2, -1]}
							}
						},
						{
							"origin": [-9, 19, 6],
							"size": [1, 1, 1],
							"uv": {
								"east": {"uv": [40, 3], "uv_size": [1, 1]},
								"up": {"uv": [5, 40], "uv_size": [1, 1]},
								"down": {"uv": [40, 6], "uv_size": [1, -1]}
							}
						},
						{
							"origin": [-9, 19, 3],
							"size": [1, 4, 3],
							"uv": {
								"north": {"uv": [37, 18], "uv_size": [1, 4]},
								"east": {"uv": [28, 22], "uv_size": [3, 4]},
								"south": {"uv": [19, 37], "uv_size": [1, 4]},
								"up": {"uv": [32, 37], "uv_size": [1, 3]},
								"down": {"uv": [33, 40], "uv_size": [1, -3]}
							}
						},
						{
							"origin": [-4, 14, 7],
							"size": [2, 1, 1],
							"uv": {
								"south": {"uv": [38, 33], "uv_size": [2, 1]},
								"west": {"uv": [7, 40], "uv_size": [1, 1]},
								"up": {"uv": [34, 38], "uv_size": [2, 1]},
								"down": {"uv": [38, 35], "uv_size": [2, -1]}
							}
						},
						{
							"origin": [-3, 14, 6],
							"size": [1, 1, 1],
							"uv": {
								"west": {"uv": [10, 40], "uv_size": [1, 1]},
								"up": {"uv": [40, 10], "uv_size": [1, 1]},
								"down": {"uv": [11, 41], "uv_size": [1, -1]}
							}
						},
						{
							"origin": [2, 14, 7],
							"size": [2, 1, 1],
							"uv": {
								"east": {"uv": [40, 11], "uv_size": [1, 1]},
								"south": {"uv": [36, 38], "uv_size": [2, 1]},
								"up": {"uv": [38, 36], "uv_size": [2, 1]},
								"down": {"uv": [38, 39], "uv_size": [2, -1]}
							}
						},
						{
							"origin": [2, 14, 6],
							"size": [1, 1, 1],
							"uv": {
								"east": {"uv": [40, 13], "uv_size": [1, 1]},
								"up": {"uv": [40, 16], "uv_size": [1, 1]},
								"down": {"uv": [40, 18], "uv_size": [1, -1]}
							}
						},
						{
							"origin": [2, 12, 4],
							"size": [1, 1, 1],
							"uv": {
								"north": {"uv": [40, 18], "uv_size": [1, 1]},
								"east": {"uv": [40, 19], "uv_size": [1, 1]},
								"south": {"uv": [40, 20], "uv_size": [1, 1]}
							}
						},
						{
							"origin": [2, 11, 4],
							"size": [2, 1, 1],
							"uv": {
								"north": {"uv": [0, 39], "uv_size": [2, 1]},
								"east": {"uv": [24, 40], "uv_size": [1, 1]},
								"south": {"uv": [2, 39], "uv_size": [2, 1]},
								"down": {"uv": [6, 40], "uv_size": [2, -1]}
							}
						},
						{
							"origin": [-3, 12, 4],
							"size": [1, 1, 1],
							"uv": {
								"north": {"uv": [25, 40], "uv_size": [1, 1]},
								"south": {"uv": [26, 40], "uv_size": [1, 1]},
								"west": {"uv": [40, 26], "uv_size": [1, 1]}
							}
						},
						{
							"origin": [-4, 11, 4],
							"size": [2, 1, 1],
							"uv": {
								"north": {"uv": [8, 39], "uv_size": [2, 1]},
								"south": {"uv": [10, 39], "uv_size": [2, 1]},
								"west": {"uv": [40, 28], "uv_size": [1, 1]},
								"down": {"uv": [39, 13], "uv_size": [2, -1]}
							}
						}
					]
				},
				{
					"name": "rocket_boosters",
					"parent": "jet_pack",
					"pivot": [5.5, 9.03806, 2.80866],
					"cubes": [
						{
							"origin": [3, 12, 2],
							"size": [5, 12, 5],
							"uv": {
								"north": {"uv": [0, 10], "uv_size": [5, 12]},
								"east": {"uv": [5, 10], "uv_size": [5, 12]},
								"south": {"uv": [10, 10], "uv_size": [5, 12]},
								"west": {"uv": [15, 0], "uv_size": [5, 12]},
								"up": {"uv": [8, 22], "uv_size": [5, 5]},
								"down": {"uv": [13, 29], "uv_size": [5, -5]}
							}
						},
						{
							"origin": [-8, 12, 2],
							"size": [5, 12, 5],
							"uv": {
								"north": {"uv": [15, 12], "uv_size": [5, 12]},
								"east": {"uv": [20, 0], "uv_size": [5, 12]},
								"south": {"uv": [20, 12], "uv_size": [5, 12]},
								"west": {"uv": [0, 22], "uv_size": [5, 12]},
								"up": {"uv": [18, 24], "uv_size": [5, 5]},
								"down": {"uv": [23, 29], "uv_size": [5, -5]}
							}
						},
						{
							"origin": [4, 24, 3],
							"size": [3, 2, 3],
							"uv": {
								"north": {"uv": [35, 33], "uv_size": [3, 2]},
								"east": {"uv": [35, 35], "uv_size": [3, 2]},
								"south": {"uv": [5, 36], "uv_size": [3, 2]},
								"west": {"uv": [37, 0], "uv_size": [3, 2]},
								"up": {"uv": [34, 0], "uv_size": [3, 3]}
							}
						},
						{
							"origin": [-7, 24, 3],
							"size": [3, 2, 3],
							"uv": {
								"north": {"uv": [2, 37], "uv_size": [3, 2]},
								"east": {"uv": [37, 2], "uv_size": [3, 2]},
								"south": {"uv": [37, 4], "uv_size": [3, 2]},
								"west": {"uv": [11, 37], "uv_size": [3, 2]},
								"up": {"uv": [34, 3], "uv_size": [3, 3]}
							}
						},
						{
							"origin": [-7, 11, 3],
							"size": [3, 1, 3],
							"uv": {
								"north": {"uv": [37, 32], "uv_size": [3, 1]},
								"east": {"uv": [34, 37], "uv_size": [3, 1]},
								"south": {"uv": [37, 37], "uv_size": [3, 1]},
								"west": {"uv": [5, 38], "uv_size": [3, 1]},
								"down": {"uv": [34, 23], "uv_size": [3, -3]}
							}
						},
						{
							"origin": [4, 11, 3],
							"size": [3, 1, 3],
							"uv": {
								"north": {"uv": [38, 6], "uv_size": [3, 1]},
								"east": {"uv": [38, 7], "uv_size": [3, 1]},
								"south": {"uv": [8, 38], "uv_size": [3, 1]},
								"west": {"uv": [38, 8], "uv_size": [3, 1]},
								"down": {"uv": [26, 37], "uv_size": [3, -3]}
							}
						},
						{
							"origin": [4, 7.03768, 6.19042],
							"size": [3, 4, 0],
							"pivot": [5.5, 10.53768, 6.19042],
							"rotation": [22.5, 0, 0],
							"uv": {
								"north": {"uv": [0, 56], "uv_size": [3, 4]},
								"south": {"uv": [0, 56], "uv_size": [3, 4]}
							}
						},
						{
							"origin": [7.19134, 7.03806, 3],
							"size": [0, 4, 3],
							"pivot": [7.19134, 10.53806, 4.5],
							"rotation": [0, 0, -22.5],
							"uv": {
								"east": {"uv": [0, 56], "uv_size": [3, 4]},
								"west": {"uv": [0, 56], "uv_size": [3, 4]}
							}
						},
						{
							"origin": [3.80958, 7.03768, 3],
							"size": [0, 4, 3],
							"pivot": [3.80958, 10.53768, 4.5],
							"rotation": [0, 0, 22.5],
							"uv": {
								"east": {"uv": [0, 56], "uv_size": [3, 4]},
								"west": {"uv": [0, 56], "uv_size": [3, 4]}
							}
						},
						{
							"origin": [-3.80958, 7.03768, 3],
							"size": [0, 4, 3],
							"pivot": [-3.80958, 10.53768, 4.5],
							"rotation": [0, 0, -22.5],
							"uv": {
								"east": {"uv": [0, 56], "uv_size": [3, 4]},
								"west": {"uv": [0, 56], "uv_size": [3, 4]}
							}
						},
						{
							"origin": [-7, 7.03768, 6.19042],
							"size": [3, 4, 0],
							"pivot": [-5.5, 10.53768, 6.19042],
							"rotation": [22.5, 0, 0],
							"uv": {
								"north": {"uv": [0, 56], "uv_size": [3, 4]},
								"south": {"uv": [0, 56], "uv_size": [3, 4]}
							}
						},
						{
							"origin": [-7.19134, 7.03806, 3],
							"size": [0, 4, 3],
							"pivot": [-7.19134, 10.53806, 4.5],
							"rotation": [0, 0, 22.5],
							"uv": {
								"east": {"uv": [0, 56], "uv_size": [3, 4]},
								"west": {"uv": [0, 56], "uv_size": [3, 4]}
							}
						},
						{
							"origin": [-7, 7.03806, 2.80866],
							"size": [3, 4, 0],
							"pivot": [-5.5, 10.53806, 2.80866],
							"rotation": [-22.5, 0, 0],
							"uv": {
								"north": {"uv": [0, 56], "uv_size": [3, 4]},
								"south": {"uv": [0, 56], "uv_size": [3, 4]}
							}
						},
						{
							"origin": [4, 7.03806, 2.80866],
							"size": [3, 4, 0],
							"pivot": [5.5, 10.53806, 2.80866],
							"rotation": [-22.5, 0, 0],
							"uv": {
								"north": {"uv": [0, 56], "uv_size": [3, 4]},
								"south": {"uv": [0, 56], "uv_size": [3, 4]}
							}
						}
					]
				},
				{
					"name": "control_arm",
					"parent": "jet_pack",
					"pivot": [6, 16.02864, -7.69865],
					"cubes": [
						{
							"origin": [5, 13, -3],
							"size": [2, 2, 5],
							"uv": {
								"north": {"uv": [13, 22], "uv_size": [2, 2]},
								"east": {"uv": [14, 33], "uv_size": [5, 2]},
								"west": {"uv": [19, 33], "uv_size": [5, 2]},
								"up": {"uv": [24, 33], "uv_size": [2, 5]},
								"down": {"uv": [0, 39], "uv_size": [2, -5]}
							}
						},
						{
							"origin": [5, 13.88059, -6.42702],
							"size": [2, 2, 4],
							"pivot": [6, 14.88059, -4.92702],
							"rotation": [-22.5, 0, 0],
							"uv": {
								"east": {"uv": [35, 12], "uv_size": [4, 2]},
								"south": {"uv": [26, 37], "uv_size": [2, 2]},
								"west": {"uv": [18, 35], "uv_size": [4, 2]},
								"up": {"uv": [22, 35], "uv_size": [2, 4]},
								"down": {"uv": [35, 33], "uv_size": [2, -4]}
							}
						},
						{
							"origin": [4.5, 14.52864, -9.19865],
							"size": [3, 3, 3],
							"pivot": [6, 16.02864, -7.69865],
							"rotation": [-22.5, 0, 0],
							"uv": {
								"north": {"uv": [34, 26], "uv_size": [3, 3]},
								"east": {"uv": [29, 34], "uv_size": [3, 3]},
								"south": {"uv": [32, 34], "uv_size": [3, 3]},
								"west": {"uv": [35, 6], "uv_size": [3, 3]},
								"up": {"uv": [8, 35], "uv_size": [3, 3]},
								"down": {"uv": [35, 12], "uv_size": [3, -3]}
							}
						}
					]
				}
			]
		}
	]
}