{
	"format_version": "1.12.0",
	"minecraft:geometry": [
		{
			"description": {
				"identifier": "geometry.musical_backpack",
				"texture_width": 64,
				"texture_height": 64,
				"visible_bounds_width": 3,
				"visible_bounds_height": 3.5,
				"visible_bounds_offset": [0, 1.25, 0]
			},
			"bones": [
				{
					"name": "musical_backpack",
					"pivot": [2.52513, 21.10086, 8.999]
				},
				{
					"name": "attachments",
					"parent": "musical_backpack",
					"pivot": [0, 22.5, 9],
					"cubes": [
						{
							"origin": [-7, 14, 6],
							"size": [14, 2, 4],
							"uv": {
								"east": {"uv": [28, 22], "uv_size": [4, 2]},
								"south": {"uv": [20, 2], "uv_size": [14, 2]},
								"west": {"uv": [28, 24], "uv_size": [4, 2]},
								"up": {"uv": [0, 11], "uv_size": [14, 4]},
								"down": {"uv": [14, 15], "uv_size": [14, -4]}
							}
						},
						{
							"origin": [-4, 13, 6],
							"size": [1, 1, 5],
							"uv": {
								"east": {"uv": [28, 26], "uv_size": [5, 1]},
								"south": {"uv": [33, 29], "uv_size": [1, 1]},
								"west": {"uv": [10, 29], "uv_size": [5, 1]},
								"down": {"uv": [15, 34], "uv_size": [1, -5]}
							}
						},
						{
							"origin": [-4, 14, 10],
							"size": [1, 1, 1],
							"uv": {
								"east": {"uv": [33, 30], "uv_size": [1, 1]},
								"south": {"uv": [33, 31], "uv_size": [1, 1]},
								"west": {"uv": [33, 32], "uv_size": [1, 1]},
								"up": {"uv": [33, 33], "uv_size": [1, 1]}
							}
						},
						{
							"origin": [3, 14, 10],
							"size": [1, 1, 1],
							"uv": {
								"east": {"uv": [2, 34], "uv_size": [1, 1]},
								"south": {"uv": [34, 2], "uv_size": [1, 1]},
								"west": {"uv": [3, 34], "uv_size": [1, 1]},
								"up": {"uv": [34, 3], "uv_size": [1, 1]}
							}
						},
						{
							"origin": [3, 13, 6],
							"size": [1, 1, 5],
							"uv": {
								"east": {"uv": [10, 30], "uv_size": [5, 1]},
								"south": {"uv": [5, 34], "uv_size": [1, 1]},
								"west": {"uv": [30, 27], "uv_size": [5, 1]},
								"down": {"uv": [10, 36], "uv_size": [1, -5]}
							}
						},
						{
							"origin": [6, 18, 5.25],
							"size": [1, 5, 1],
							"pivot": [6.5, 19.5, 4.5],
							"rotation": [-45, 0, 0],
							"uv": {
								"north": {"uv": [31, 10], "uv_size": [1, 5]},
								"east": {"uv": [11, 31], "uv_size": [1, 5]},
								"south": {"uv": [12, 31], "uv_size": [1, 5]},
								"west": {"uv": [13, 31], "uv_size": [1, 5]},
								"up": {"uv": [34, 5], "uv_size": [1, 1]}
							}
						},
						{
							"origin": [7, 17, 3],
							"size": [1, 5, 1],
							"pivot": [7, 20.25, 3.75],
							"rotation": [0, 0, 22.5],
							"uv": {
								"north": {"uv": [14, 31], "uv_size": [1, 5]},
								"east": {"uv": [31, 15], "uv_size": [1, 5]},
								"south": {"uv": [21, 31], "uv_size": [1, 5]},
								"west": {"uv": [22, 31], "uv_size": [1, 5]},
								"up": {"uv": [34, 7], "uv_size": [1, 1]}
							}
						},
						{
							"origin": [8, 20, 4],
							"size": [1, 1, 0],
							"pivot": [7, 20.25, 3.75],
							"rotation": [0, 0, 22.5],
							"uv": {
								"north": {"uv": [34, 8], "uv_size": [1, 1]},
								"south": {"uv": [9, 34], "uv_size": [1, 1]}
							}
						},
						{
							"origin": [7, 21, 6.25],
							"size": [0, 1, 1],
							"pivot": [6.5, 19.5, 4.5],
							"rotation": [-45, 0, 0],
							"uv": {
								"east": {"uv": [34, 9], "uv_size": [1, 1]},
								"west": {"uv": [34, 10], "uv_size": [1, 1]}
							}
						},
						{
							"origin": [-7.5, 20, 4.5],
							"size": [2, 2, 2],
							"pivot": [-6.5, 20, 4.5],
							"rotation": [-22.5, 0, 0],
							"uv": {
								"north": {"uv": [31, 20], "uv_size": [2, 2]},
								"east": {"uv": [31, 28], "uv_size": [2, 2]},
								"south": {"uv": [31, 30], "uv_size": [2, 2]},
								"west": {"uv": [32, 4], "uv_size": [2, 2]},
								"up": {"uv": [32, 6], "uv_size": [2, 2]},
								"down": {"uv": [8, 34], "uv_size": [2, -2]}
							}
						},
						{
							"origin": [-7, 18, 5],
							"size": [1, 2, 1],
							"pivot": [-6.5, 20, 4.5],
							"rotation": [-22.5, 0, 0],
							"uv": {
								"north": {"uv": [31, 32], "uv_size": [1, 2]},
								"east": {"uv": [32, 32], "uv_size": [1, 2]},
								"south": {"uv": [0, 33], "uv_size": [1, 2]},
								"west": {"uv": [1, 33], "uv_size": [1, 2]}
							}
						},
						{
							"origin": [-7.5, 20, 1.5],
							"size": [2, 2, 2],
							"pivot": [-6.5, 20, 2.5],
							"rotation": [22.5, 0, 0],
							"uv": {
								"north": {"uv": [32, 8], "uv_size": [2, 2]},
								"east": {"uv": [32, 10], "uv_size": [2, 2]},
								"south": {"uv": [32, 12], "uv_size": [2, 2]},
								"west": {"uv": [32, 14], "uv_size": [2, 2]},
								"up": {"uv": [16, 32], "uv_size": [2, 2]},
								"down": {"uv": [32, 18], "uv_size": [2, -2]}
							}
						},
						{
							"origin": [-7, 17, 2],
							"size": [1, 3, 1],
							"pivot": [-6.5, 20, 2.5],
							"rotation": [22.5, 0, 0],
							"uv": {
								"north": {"uv": [24, 32], "uv_size": [1, 3]},
								"east": {"uv": [25, 32], "uv_size": [1, 3]},
								"south": {"uv": [26, 32], "uv_size": [1, 3]},
								"west": {"uv": [27, 32], "uv_size": [1, 3]}
							}
						},
						{
							"origin": [-1, 24, 4],
							"size": [2, 3, 1],
							"uv": {
								"north": {"uv": [21, 28], "uv_size": [2, 3]},
								"east": {"uv": [28, 32], "uv_size": [1, 3]},
								"south": {"uv": [8, 29], "uv_size": [2, 3]},
								"west": {"uv": [29, 32], "uv_size": [1, 3]}
							}
						},
						{
							"origin": [-2, 27, 4],
							"size": [4, 4, 1],
							"uv": {
								"north": {"uv": [16, 24], "uv_size": [4, 4]},
								"east": {"uv": [18, 32], "uv_size": [1, 4]},
								"south": {"uv": [24, 19], "uv_size": [4, 4]},
								"west": {"uv": [32, 22], "uv_size": [1, 4]},
								"up": {"uv": [32, 18], "uv_size": [4, 1]},
								"down": {"uv": [32, 20], "uv_size": [4, -1]}
							}
						},
						{
							"origin": [-1, 22, 7],
							"size": [4, 4, 0],
							"pivot": [0, 22.5, 7],
							"rotation": [0, 0, 22.5],
							"uv": {
								"north": {"uv": [24, 56], "uv_size": [4, 4]},
								"south": {"uv": [16, 56], "uv_size": [4, 4]}
							}
						},
						{
							"origin": [-3, 22, 7.5],
							"size": [4, 3, 0],
							"pivot": [0, 22.5, 7],
							"rotation": [0, 0, -22.5],
							"uv": {
								"north": {"uv": [8, 58], "uv_size": [4, 3]},
								"south": {"uv": [0, 58], "uv_size": [4, 3]}
							}
						}
					]
				},
				{
					"name": "backpack",
					"parent": "musical_backpack",
					"pivot": [2.52513, 21.10086, 8.999],
					"cubes": [
						{
							"origin": [-5, 13, 2],
							"size": [10, 11, 4],
							"uv": {
								"north": {"uv": [0, 0], "uv_size": [10, 11]},
								"east": {"uv": [0, 15], "uv_size": [4, 11]},
								"south": {"uv": [10, 0], "uv_size": [10, 11]},
								"west": {"uv": [4, 15], "uv_size": [4, 11]},
								"up": {"uv": [8, 15], "uv_size": [10, 4]},
								"down": {"uv": [18, 19], "uv_size": [10, -4]}
							}
						},
						{
							"origin": [-2, 24, 3],
							"size": [1, 2, 0],
							"uv": {
								"north": {"uv": [6, 33], "uv_size": [1, 2]},
								"south": {"uv": [7, 33], "uv_size": [1, 2]}
							}
						},
						{
							"origin": [1, 24, 3],
							"size": [1, 2, 0],
							"uv": {
								"north": {"uv": [19, 33], "uv_size": [1, 2]},
								"south": {"uv": [20, 33], "uv_size": [1, 2]}
							}
						},
						{
							"origin": [-1, 26, 3],
							"size": [2, 1, 0],
							"uv": {
								"north": {"uv": [33, 20], "uv_size": [2, 1]},
								"south": {"uv": [33, 21], "uv_size": [2, 1]}
							}
						},
						{
							"origin": [-4, 18, 6],
							"size": [8, 5, 2],
							"uv": {
								"east": {"uv": [6, 28], "uv_size": [2, 5]},
								"south": {"uv": [16, 19], "uv_size": [8, 5]},
								"west": {"uv": [19, 28], "uv_size": [2, 5]},
								"up": {"uv": [20, 9], "uv_size": [8, 2]},
								"down": {"uv": [0, 28], "uv_size": [8, -2]}
							}
						},
						{
							"origin": [5, 13, 2],
							"size": [3, 5, 4],
							"uv": {
								"north": {"uv": [24, 27], "uv_size": [3, 5]},
								"south": {"uv": [27, 27], "uv_size": [3, 5]},
								"west": {"uv": [24, 4], "uv_size": [4, 5]},
								"up": {"uv": [28, 10], "uv_size": [3, 4]},
								"down": {"uv": [28, 18], "uv_size": [3, -4]}
							}
						},
						{
							"origin": [-8, 13, 2],
							"size": [3, 5, 4],
							"uv": {
								"north": {"uv": [0, 28], "uv_size": [3, 5]},
								"east": {"uv": [8, 24], "uv_size": [4, 5]},
								"south": {"uv": [3, 28], "uv_size": [3, 5]},
								"up": {"uv": [16, 28], "uv_size": [3, 4]},
								"down": {"uv": [28, 22], "uv_size": [3, -4]}
							}
						},
						{
							"origin": [-4.22513, 23.90086, 3.999],
							"size": [2, 1, 0],
							"pivot": [-2.52513, 21.10086, 6.999],
							"rotation": [0, 0, -45],
							"uv": {
								"north": {"uv": [33, 22], "uv_size": [2, 1]},
								"south": {"uv": [33, 23], "uv_size": [2, 1]}
							}
						},
						{
							"origin": [-3.22513, 22.90086, 6.999],
							"size": [2, 1, 0],
							"pivot": [-1.52513, 20.10086, 10.999],
							"rotation": [0, 0, -45],
							"uv": {
								"north": {"uv": [33, 24], "uv_size": [2, 1]},
								"south": {"uv": [33, 25], "uv_size": [2, 1]}
							}
						},
						{
							"origin": [2.22513, 23.90086, 4.999],
							"size": [2, 1, 0],
							"pivot": [2.52513, 21.10086, 6.999],
							"rotation": [0, 0, 45],
							"uv": {
								"north": {"uv": [33, 26], "uv_size": [2, 1]},
								"south": {"uv": [33, 28], "uv_size": [2, 1]}
							}
						}
					]
				}
			]
		}
	]
}