{
	"format_version": "1.12.0",
	"minecraft:geometry": [
		{
			"description": {
				"identifier": "geometry.samurai_backpack",
				"texture_width": 64,
				"texture_height": 64,
				"visible_bounds_width": 3,
				"visible_bounds_height": 3.5,
				"visible_bounds_offset": [0, 1.25, 0]
			},
			"bones": [
				{
					"name": "ninja_backpack",
					"pivot": [-8, 13, 2.9]
				},
				{
					"name": "backpack",
					"parent": "ninja_backpack",
					"pivot": [0, 21, 5.4],
					"cubes": [
						{
							"origin": [-4, 13, 5.9],
							"size": [8, 9, 3],
							"uv": {
								"east": {"uv": [29, 26], "uv_size": [3, 9]},
								"south": {"uv": [10, 9], "uv_size": [8, 9]},
								"west": {"uv": [30, 0], "uv_size": [3, 9]},
								"up": {"uv": [30, 9], "uv_size": [8, 3]},
								"down": {"uv": [30, 15], "uv_size": [8, -3]}
							}
						},
						{
							"origin": [-5, 13, 1.9],
							"size": [10, 10, 4],
							"uv": {
								"north": {"uv": [0, 0], "uv_size": [10, 10]},
								"east": {"uv": [21, 26], "uv_size": [4, 10]},
								"south": {"uv": [0, 10], "uv_size": [10, 10]},
								"west": {"uv": [25, 26], "uv_size": [4, 10]}
							}
						},
						{
							"origin": [-6, 22, 1.4],
							"size": [12, 3.5, 3.5],
							"pivot": [0, 24.5, 3.9],
							"rotation": [45, 0, 0],
							"uv": {
								"north": {"uv": [18, 0], "uv_size": [12, 4]},
								"east": {"uv": [32, 28], "uv_size": [4, 4]},
								"south": {"uv": [18, 4], "uv_size": [12, 4]},
								"west": {"uv": [32, 32], "uv_size": [4, 4]},
								"up": {"uv": [18, 8], "uv_size": [12, 4]},
								"down": {"uv": [10, 22], "uv_size": [12, -4]}
							}
						},
						{
							"origin": [-9, 23, 2.4],
							"size": [3, 1.5, 1.5],
							"pivot": [0, 24.5, 3.9],
							"rotation": [45, 0, 0],
							"uv": {
								"north": {"uv": [34, 16], "uv_size": [3, 2]},
								"east": {"uv": [8, 20], "uv_size": [2, 2]},
								"south": {"uv": [34, 18], "uv_size": [3, 2]},
								"up": {"uv": [17, 35], "uv_size": [3, 2]},
								"down": {"uv": [29, 37], "uv_size": [3, -2]}
							}
						},
						{
							"origin": [6, 23, 2.4],
							"size": [3, 1.5, 1.5],
							"pivot": [0, 24.5, 3.9],
							"rotation": [45, 0, 0],
							"uv": {
								"north": {"uv": [36, 4], "uv_size": [3, 2]},
								"south": {"uv": [36, 6], "uv_size": [3, 2]},
								"west": {"uv": [3, 37], "uv_size": [2, 2]},
								"up": {"uv": [20, 36], "uv_size": [3, 2]},
								"down": {"uv": [23, 38], "uv_size": [3, -2]}
							}
						},
						{
							"origin": [-6, 12.5, 5.4],
							"size": [12, 3.5, 3.5],
							"pivot": [0, 17.5, 3.9],
							"rotation": [-45, 0, 0],
							"uv": {
								"north": {"uv": [18, 12], "uv_size": [12, 4]},
								"east": {"uv": [0, 33], "uv_size": [4, 4]},
								"south": {"uv": [0, 22], "uv_size": [12, 4]},
								"west": {"uv": [33, 0], "uv_size": [4, 4]},
								"up": {"uv": [12, 22], "uv_size": [12, 4]},
								"down": {"uv": [22, 20], "uv_size": [12, -4]}
							}
						},
						{
							"origin": [6, 13.5, 6.4],
							"size": [3, 1.5, 1.5],
							"pivot": [0, 17.5, 3.9],
							"rotation": [-45, 0, 0],
							"uv": {
								"north": {"uv": [26, 36], "uv_size": [3, 2]},
								"south": {"uv": [36, 28], "uv_size": [3, 2]},
								"west": {"uv": [7, 37], "uv_size": [2, 2]},
								"up": {"uv": [36, 30], "uv_size": [3, 2]},
								"down": {"uv": [32, 38], "uv_size": [3, -2]}
							}
						},
						{
							"origin": [-9, 13.5, 6.4],
							"size": [3, 1.5, 1.5],
							"pivot": [0, 17.5, 3.9],
							"rotation": [-45, 0, 0],
							"uv": {
								"north": {"uv": [36, 32], "uv_size": [3, 2]},
								"east": {"uv": [9, 37], "uv_size": [2, 2]},
								"south": {"uv": [36, 34], "uv_size": [3, 2]},
								"up": {"uv": [35, 36], "uv_size": [3, 2]},
								"down": {"uv": [0, 39], "uv_size": [3, -2]}
							}
						}
					]
				},
				{
					"name": "attachments",
					"parent": "ninja_backpack",
					"pivot": [0, 8.2904, 4.90283],
					"cubes": [
						{
							"origin": [-8, 24.6, 2.3],
							"size": [1, 0, 1.7],
							"pivot": [0, 24.5, 3.9],
							"rotation": [45, 0, 0],
							"uv": {
								"up": {"uv": [38, 11], "uv_size": [1, 2]},
								"down": {"uv": [38, 15], "uv_size": [1, -2]}
							}
						},
						{
							"origin": [-8, 24.60071, 3.79929],
							"size": [1, 0, 1.7],
							"pivot": [0, 24.50071, 3.89929],
							"rotation": [-45, 0, 0],
							"uv": {
								"up": {"uv": [38, 16], "uv_size": [1, 2]},
								"down": {"uv": [38, 20], "uv_size": [1, -2]}
							}
						},
						{
							"origin": [-8, 22.28009, 2.30141],
							"size": [1, 0, 1.7],
							"pivot": [0, 22.38009, 3.90141],
							"rotation": [-45, 0, 0],
							"uv": {
								"up": {"uv": [20, 38], "uv_size": [1, 2]},
								"down": {"uv": [21, 40], "uv_size": [1, -2]}
							}
						},
						{
							"origin": [-8, 22.27939, 3.80071],
							"size": [1, 0, 1.7],
							"pivot": [0, 22.37939, 3.90071],
							"rotation": [45, 0, 0],
							"uv": {
								"up": {"uv": [22, 38], "uv_size": [1, 2]},
								"down": {"uv": [23, 40], "uv_size": [1, -2]}
							}
						},
						{
							"origin": [-8, 14.08867, 3.90141],
							"size": [1, 8.15, 0],
							"uv": {
								"north": {"uv": [13, 33], "uv_size": [1, 8]},
								"south": {"uv": [14, 33], "uv_size": [1, 8]}
							}
						},
						{
							"origin": [-8, 13.38349, 6.30212],
							"size": [1, 1.7, 0],
							"pivot": [0, 17.48349, 3.90212],
							"rotation": [-45, 0, 0],
							"uv": {
								"north": {"uv": [24, 38], "uv_size": [1, 2]},
								"south": {"uv": [25, 38], "uv_size": [1, 2]}
							}
						},
						{
							"origin": [-8, 13.38279, 1.50141],
							"size": [1, 1.7, 0],
							"pivot": [0, 17.48279, 3.90141],
							"rotation": [45, 0, 0],
							"uv": {
								"north": {"uv": [26, 38], "uv_size": [1, 2]},
								"south": {"uv": [27, 38], "uv_size": [1, 2]}
							}
						},
						{
							"origin": [-8, 10.6911, 1.50212],
							"size": [1, 1.7, 0],
							"pivot": [0, 8.2911, 3.90212],
							"rotation": [-45, 0, 0],
							"uv": {
								"north": {"uv": [28, 38], "uv_size": [1, 2]},
								"south": {"uv": [32, 38], "uv_size": [1, 2]}
							}
						},
						{
							"origin": [-8, 10.6904, 6.30283],
							"size": [1, 1.7, 0],
							"pivot": [0, 8.2904, 3.90283],
							"rotation": [45, 0, 0],
							"uv": {
								"north": {"uv": [33, 38], "uv_size": [1, 2]},
								"south": {"uv": [34, 38], "uv_size": [1, 2]}
							}
						},
						{
							"origin": [7, 13.38349, 6.30212],
							"size": [1, 1.7, 0],
							"pivot": [0, 17.48349, 3.90212],
							"rotation": [-45, 0, 0],
							"uv": {
								"north": {"uv": [35, 38], "uv_size": [1, 2]},
								"south": {"uv": [36, 38], "uv_size": [1, 2]}
							}
						},
						{
							"origin": [7, 10.6904, 6.30283],
							"size": [1, 1.7, 0],
							"pivot": [0, 8.2904, 3.90283],
							"rotation": [45, 0, 0],
							"uv": {
								"north": {"uv": [38, 36], "uv_size": [1, 2]},
								"south": {"uv": [37, 38], "uv_size": [1, 2]}
							}
						},
						{
							"origin": [7, 13.38279, 1.50141],
							"size": [1, 1.7, 0],
							"pivot": [0, 17.48279, 3.90141],
							"rotation": [45, 0, 0],
							"uv": {
								"north": {"uv": [38, 38], "uv_size": [1, 2]},
								"south": {"uv": [0, 39], "uv_size": [1, 2]}
							}
						},
						{
							"origin": [7, 10.6911, 1.50212],
							"size": [1, 1.7, 0],
							"pivot": [0, 8.2911, 3.90212],
							"rotation": [-45, 0, 0],
							"uv": {
								"north": {"uv": [39, 0], "uv_size": [1, 2]},
								"south": {"uv": [1, 39], "uv_size": [1, 2]}
							}
						},
						{
							"origin": [7, 14.08867, 3.90141],
							"size": [1, 8.15, 0],
							"uv": {
								"north": {"uv": [15, 33], "uv_size": [1, 8]},
								"south": {"uv": [16, 33], "uv_size": [1, 8]}
							}
						},
						{
							"origin": [7, 24.60071, 3.79929],
							"size": [1, 0, 1.7],
							"pivot": [0, 24.50071, 3.89929],
							"rotation": [-45, 0, 0],
							"uv": {
								"up": {"uv": [2, 39], "uv_size": [1, 2]},
								"down": {"uv": [39, 4], "uv_size": [1, -2]}
							}
						},
						{
							"origin": [7, 22.27939, 3.80071],
							"size": [1, 0, 1.7],
							"pivot": [0, 22.37939, 3.90071],
							"rotation": [45, 0, 0],
							"uv": {
								"up": {"uv": [3, 39], "uv_size": [1, 2]},
								"down": {"uv": [4, 41], "uv_size": [1, -2]}
							}
						},
						{
							"origin": [7, 22.28009, 2.30141],
							"size": [1, 0, 1.7],
							"pivot": [0, 22.38009, 3.90141],
							"rotation": [-45, 0, 0],
							"uv": {
								"up": {"uv": [39, 4], "uv_size": [1, 2]},
								"down": {"uv": [5, 41], "uv_size": [1, -2]}
							}
						},
						{
							"origin": [7, 24.6, 2.3],
							"size": [1, 0, 1.7],
							"pivot": [0, 24.5, 3.9],
							"rotation": [45, 0, 0],
							"uv": {
								"up": {"uv": [6, 39], "uv_size": [1, 2]},
								"down": {"uv": [39, 8], "uv_size": [1, -2]}
							}
						}
					]
				},
				{
					"name": "swords",
					"parent": "ninja_backpack",
					"pivot": [-8, 13, 2.9],
					"cubes": [
						{
							"origin": [12, 11, 6.9],
							"size": [4, 2, 1],
							"pivot": [-8, 13, 1.9],
							"rotation": [0, 0, -45],
							"uv": {
								"north": {"uv": [18, 16], "uv_size": [4, 2]},
								"south": {"uv": [0, 20], "uv_size": [4, 2]},
								"west": {"uv": [8, 39], "uv_size": [1, 2]},
								"up": {"uv": [33, 8], "uv_size": [4, 1]},
								"down": {"uv": [37, 9], "uv_size": [4, -1]}
							}
						},
						{
							"origin": [11, 10, 5.9],
							"size": [1, 4, 3],
							"pivot": [-8, 13, 1.9],
							"rotation": [0, 0, -45],
							"uv": {
								"north": {"uv": [20, 28], "uv_size": [1, 4]},
								"east": {"uv": [4, 33], "uv_size": [3, 4]},
								"south": {"uv": [37, 16], "uv_size": [1, 4]},
								"west": {"uv": [33, 4], "uv_size": [3, 4]},
								"up": {"uv": [19, 37], "uv_size": [1, 3]},
								"down": {"uv": [29, 40], "uv_size": [1, -3]}
							}
						},
						{
							"origin": [-10, 11, 6.9],
							"size": [21, 2, 1],
							"pivot": [-8, 13, 1.9],
							"rotation": [0, 0, -45],
							"uv": {
								"north": {"uv": [22, 20], "uv_size": [21, 2]},
								"east": {"uv": [9, 39], "uv_size": [1, 2]},
								"south": {"uv": [24, 22], "uv_size": [21, 2]},
								"up": {"uv": [30, 15], "uv_size": [21, 1]},
								"down": {"uv": [0, 33], "uv_size": [21, -1]}
							}
						},
						{
							"origin": [-11, 11, 5.9],
							"size": [21, 2, 1],
							"pivot": [8, 13, 1.9],
							"rotation": [0, 0, 45],
							"uv": {
								"north": {"uv": [24, 24], "uv_size": [21, 2]},
								"south": {"uv": [0, 26], "uv_size": [21, 2]},
								"west": {"uv": [39, 11], "uv_size": [1, 2]},
								"up": {"uv": [32, 26], "uv_size": [21, 1]},
								"down": {"uv": [32, 28], "uv_size": [21, -1]}
							}
						},
						{
							"origin": [-12, 10, 4.9],
							"size": [1, 4, 3],
							"pivot": [8, 13, 1.9],
							"rotation": [0, 0, 45],
							"uv": {
								"north": {"uv": [17, 37], "uv_size": [1, 4]},
								"east": {"uv": [7, 33], "uv_size": [3, 4]},
								"south": {"uv": [18, 37], "uv_size": [1, 4]},
								"west": {"uv": [10, 33], "uv_size": [3, 4]},
								"up": {"uv": [30, 37], "uv_size": [1, 3]},
								"down": {"uv": [31, 40], "uv_size": [1, -3]}
							}
						},
						{
							"origin": [-16, 11, 5.9],
							"size": [4, 2, 1],
							"pivot": [8, 13, 1.9],
							"rotation": [0, 0, 45],
							"uv": {
								"north": {"uv": [4, 20], "uv_size": [4, 2]},
								"east": {"uv": [12, 39], "uv_size": [1, 2]},
								"south": {"uv": [17, 33], "uv_size": [4, 2]},
								"up": {"uv": [38, 9], "uv_size": [4, 1]},
								"down": {"uv": [38, 11], "uv_size": [4, -1]}
							}
						},
						{
							"origin": [-8, 8, 6.9],
							"size": [1, 2, 0],
							"pivot": [8, 13, 1.9],
							"rotation": [0, 0, 45],
							"uv": {
								"north": {"uv": [39, 16], "uv_size": [1, 2]},
								"south": {"uv": [39, 18], "uv_size": [1, 2]}
							}
						},
						{
							"origin": [-9, 9, 6.9],
							"size": [1, 2, 0],
							"pivot": [8, 13, 1.9],
							"rotation": [0, 0, 45],
							"uv": {
								"north": {"uv": [39, 28], "uv_size": [1, 2]},
								"south": {"uv": [39, 30], "uv_size": [1, 2]}
							}
						},
						{
							"origin": [-10, 10, 6.9],
							"size": [1, 1, 0],
							"pivot": [8, 13, 1.9],
							"rotation": [0, 0, 45],
							"uv": {
								"north": {"uv": [20, 35], "uv_size": [1, 1]},
								"south": {"uv": [40, 0], "uv_size": [1, 1]}
							}
						},
						{
							"origin": [-11, 9, 6.9],
							"size": [1, 1, 0],
							"pivot": [8, 13, 1.9],
							"rotation": [0, 0, 45],
							"uv": {
								"north": {"uv": [40, 1], "uv_size": [1, 1]},
								"south": {"uv": [40, 2], "uv_size": [1, 1]}
							}
						},
						{
							"origin": [7, 8, 7.9],
							"size": [1, 2, 0],
							"pivot": [-8, 13, 1.9],
							"rotation": [0, 0, -45],
							"uv": {
								"north": {"uv": [39, 32], "uv_size": [1, 2]},
								"south": {"uv": [39, 34], "uv_size": [1, 2]}
							}
						},
						{
							"origin": [8, 9, 7.9],
							"size": [1, 2, 0],
							"pivot": [-8, 13, 1.9],
							"rotation": [0, 0, -45],
							"uv": {
								"north": {"uv": [39, 36], "uv_size": [1, 2]},
								"south": {"uv": [39, 38], "uv_size": [1, 2]}
							}
						},
						{
							"origin": [9, 10, 7.9],
							"size": [1, 1, 0],
							"pivot": [-8, 13, 1.9],
							"rotation": [0, 0, -45],
							"uv": {
								"north": {"uv": [40, 3], "uv_size": [1, 1]},
								"south": {"uv": [40, 4], "uv_size": [1, 1]}
							}
						},
						{
							"origin": [10, 9, 7.9],
							"size": [1, 1, 0],
							"pivot": [-8, 13, 1.9],
							"rotation": [0, 0, -45],
							"uv": {
								"north": {"uv": [40, 5], "uv_size": [1, 1]},
								"south": {"uv": [40, 6], "uv_size": [1, 1]}
							}
						}
					]
				}
			]
		}
	]
}