{
	"format_version": "1.12.0",
	"minecraft:geometry": [
		{
			"description": {
				"identifier": "geometry.scuba_backpack",
				"texture_width": 64,
				"texture_height": 64,
				"visible_bounds_width": 3,
				"visible_bounds_height": 3.5,
				"visible_bounds_offset": [0, 1.25, 0]
			},
			"bones": [
				{
					"name": "scuba_backpack",
					"pivot": [0, 0, 0]
				},
				{
					"name": "attachments",
					"parent": "scuba_backpack",
					"pivot": [1.80952, 17.7802, 4.16019],
					"cubes": [
						{
							"origin": [6, 14, 6],
							"size": [1, 2, 4],
							"uv": {
								"west": {"uv": [19, 32], "uv_size": [4, 2]},
								"up": {"uv": [12, 24], "uv_size": [1, 4]},
								"down": {"uv": [18, 37], "uv_size": [1, -4]}
							}
						},
						{
							"origin": [1, 14, 10],
							"size": [6, 2, 1],
							"uv": {
								"east": {"uv": [20, 30], "uv_size": [1, 2]},
								"south": {"uv": [29, 28], "uv_size": [6, 2]},
								"west": {"uv": [15, 35], "uv_size": [1, 2]},
								"up": {"uv": [33, 14], "uv_size": [6, 1]},
								"down": {"uv": [33, 16], "uv_size": [6, -1]}
							}
						},
						{
							"origin": [1, 14, 6],
							"size": [1, 2, 4],
							"uv": {
								"east": {"uv": [23, 32], "uv_size": [4, 2]},
								"up": {"uv": [29, 33], "uv_size": [1, 4]},
								"down": {"uv": [30, 37], "uv_size": [1, -4]}
							}
						},
						{
							"origin": [-1, 14, 6],
							"size": [1, 2, 4],
							"uv": {
								"west": {"uv": [33, 8], "uv_size": [4, 2]},
								"up": {"uv": [31, 33], "uv_size": [1, 4]},
								"down": {"uv": [0, 38], "uv_size": [1, -4]}
							}
						},
						{
							"origin": [-6, 14, 10],
							"size": [6, 2, 1],
							"uv": {
								"east": {"uv": [28, 36], "uv_size": [1, 2]},
								"south": {"uv": [30, 2], "uv_size": [6, 2]},
								"west": {"uv": [36, 30], "uv_size": [1, 2]},
								"up": {"uv": [33, 24], "uv_size": [6, 1]},
								"down": {"uv": [33, 26], "uv_size": [6, -1]}
							}
						},
						{
							"origin": [-6, 14, 6],
							"size": [1, 2, 4],
							"uv": {
								"east": {"uv": [33, 10], "uv_size": [4, 2]},
								"up": {"uv": [1, 34], "uv_size": [1, 4]},
								"down": {"uv": [2, 38], "uv_size": [1, -4]}
							}
						},
						{
							"origin": [1, 20, 7],
							"size": [1, 1, 1],
							"uv": {
								"east": {"uv": [37, 31], "uv_size": [1, 1]},
								"south": {"uv": [37, 32], "uv_size": [1, 1]},
								"up": {"uv": [34, 37], "uv_size": [1, 1]},
								"down": {"uv": [35, 38], "uv_size": [1, -1]}
							}
						},
						{
							"origin": [1, 20, 6],
							"size": [1, 4, 1],
							"uv": {
								"east": {"uv": [4, 34], "uv_size": [1, 4]},
								"south": {"uv": [5, 34], "uv_size": [1, 4]},
								"west": {"uv": [6, 34], "uv_size": [1, 4]},
								"down": {"uv": [36, 38], "uv_size": [1, -1]}
							}
						},
						{
							"origin": [1, 24, 5],
							"size": [1, 1, 2],
							"uv": {
								"east": {"uv": [34, 36], "uv_size": [2, 1]},
								"south": {"uv": [37, 37], "uv_size": [1, 1]},
								"west": {"uv": [36, 34], "uv_size": [2, 1]},
								"up": {"uv": [36, 35], "uv_size": [1, 2]}
							}
						},
						{
							"origin": [-1, 24, 5],
							"size": [1, 1, 2],
							"uv": {
								"east": {"uv": [37, 10], "uv_size": [2, 1]},
								"south": {"uv": [1, 38], "uv_size": [1, 1]},
								"west": {"uv": [37, 11], "uv_size": [2, 1]},
								"up": {"uv": [12, 37], "uv_size": [1, 2]}
							}
						},
						{
							"origin": [-1, 20, 6],
							"size": [1, 4, 1],
							"uv": {
								"east": {"uv": [8, 34], "uv_size": [1, 4]},
								"south": {"uv": [9, 34], "uv_size": [1, 4]},
								"west": {"uv": [10, 34], "uv_size": [1, 4]},
								"down": {"uv": [3, 39], "uv_size": [1, -1]}
							}
						},
						{
							"origin": [-1, 20, 7],
							"size": [1, 1, 1],
							"uv": {
								"south": {"uv": [6, 38], "uv_size": [1, 1]},
								"west": {"uv": [38, 6], "uv_size": [1, 1]},
								"up": {"uv": [7, 38], "uv_size": [1, 1]},
								"down": {"uv": [38, 8], "uv_size": [1, -1]}
							}
						},
						{
							"origin": [-7, 20, 6],
							"size": [2, 1, 1],
							"uv": {
								"east": {"uv": [8, 38], "uv_size": [1, 1]},
								"south": {"uv": [15, 37], "uv_size": [2, 1]},
								"up": {"uv": [17, 37], "uv_size": [2, 1]},
								"down": {"uv": [37, 19], "uv_size": [2, -1]}
							}
						},
						{
							"origin": [-7, 17, 2],
							"size": [1, 4, 4],
							"uv": {
								"north": {"uv": [11, 34], "uv_size": [1, 4]},
								"east": {"uv": [25, 24], "uv_size": [4, 4]},
								"south": {"uv": [19, 34], "uv_size": [1, 4]},
								"up": {"uv": [20, 34], "uv_size": [1, 4]},
								"down": {"uv": [21, 38], "uv_size": [1, -4]}
							}
						},
						{
							"origin": [7, 17, 2],
							"size": [1, 4, 4],
							"uv": {
								"north": {"uv": [22, 34], "uv_size": [1, 4]},
								"south": {"uv": [23, 34], "uv_size": [1, 4]},
								"west": {"uv": [21, 28], "uv_size": [4, 4]},
								"up": {"uv": [24, 34], "uv_size": [1, 4]},
								"down": {"uv": [25, 38], "uv_size": [1, -4]}
							}
						},
						{
							"origin": [6, 20, 6],
							"size": [2, 1, 1],
							"uv": {
								"south": {"uv": [37, 20], "uv_size": [2, 1]},
								"west": {"uv": [38, 9], "uv_size": [1, 1]},
								"up": {"uv": [37, 21], "uv_size": [2, 1]},
								"down": {"uv": [37, 23], "uv_size": [2, -1]}
							}
						},
						{
							"origin": [5, 12, -2],
							"size": [2, 1, 4],
							"uv": {
								"east": {"uv": [34, 6], "uv_size": [4, 1]},
								"west": {"uv": [34, 7], "uv_size": [4, 1]},
								"up": {"uv": [27, 32], "uv_size": [2, 4]},
								"down": {"uv": [16, 37], "uv_size": [2, -4]}
							}
						},
						{
							"origin": [5, 12.76537, -6.84776],
							"size": [2, 1, 5],
							"pivot": [7, 12.76537, -3.84776],
							"rotation": [-22.5, 0, 0],
							"uv": {
								"east": {"uv": [33, 26], "uv_size": [5, 1]},
								"west": {"uv": [33, 27], "uv_size": [5, 1]},
								"up": {"uv": [12, 30], "uv_size": [2, 5]},
								"down": {"uv": [14, 35], "uv_size": [2, -5]}
							}
						},
						{
							"origin": [4.5, 11.76537, -7.84776],
							"size": [3, 3, 1],
							"pivot": [7, 12.76537, -3.84776],
							"rotation": [-22.5, 0, 0],
							"uv": {
								"north": {"uv": [16, 30], "uv_size": [3, 3]},
								"east": {"uv": [26, 34], "uv_size": [1, 3]},
								"south": {"uv": [29, 30], "uv_size": [3, 3]},
								"west": {"uv": [32, 34], "uv_size": [1, 3]},
								"up": {"uv": [33, 34], "uv_size": [3, 1]},
								"down": {"uv": [12, 36], "uv_size": [3, -1]}
							}
						},
						{
							"origin": [6.5, 12.76537, -8.84776],
							"size": [1, 1, 1],
							"pivot": [7, 12.76537, -3.84776],
							"rotation": [-22.5, 0, 0],
							"uv": {
								"north": {"uv": [10, 38], "uv_size": [1, 1]},
								"east": {"uv": [11, 38], "uv_size": [1, 1]},
								"west": {"uv": [13, 38], "uv_size": [1, 1]},
								"up": {"uv": [38, 13], "uv_size": [1, 1]},
								"down": {"uv": [14, 39], "uv_size": [1, -1]}
							}
						},
						{
							"origin": [4.5, 12.76537, -8.84776],
							"size": [1, 1, 1],
							"pivot": [7, 12.76537, -3.84776],
							"rotation": [-22.5, 0, 0],
							"uv": {
								"north": {"uv": [15, 38], "uv_size": [1, 1]},
								"east": {"uv": [16, 38], "uv_size": [1, 1]},
								"west": {"uv": [17, 38], "uv_size": [1, 1]},
								"up": {"uv": [38, 17], "uv_size": [1, 1]},
								"down": {"uv": [18, 39], "uv_size": [1, -1]}
							}
						}
					]
				},
				{
					"name": "tanks",
					"parent": "scuba_backpack",
					"pivot": [0.5, 22, 8],
					"cubes": [
						{
							"origin": [-5, 12, 6],
							"size": [4, 10, 4],
							"uv": {
								"east": {"uv": [17, 20], "uv_size": [4, 10]},
								"south": {"uv": [21, 8], "uv_size": [4, 10]},
								"west": {"uv": [21, 18], "uv_size": [4, 10]},
								"up": {"uv": [25, 28], "uv_size": [4, 4]},
								"down": {"uv": [29, 12], "uv_size": [4, -4]}
							}
						},
						{
							"origin": [-3.5, 22, 7.5],
							"size": [1, 1, 1],
							"uv": {
								"north": {"uv": [19, 38], "uv_size": [1, 1]},
								"east": {"uv": [20, 38], "uv_size": [1, 1]},
								"south": {"uv": [21, 38], "uv_size": [1, 1]},
								"west": {"uv": [22, 38], "uv_size": [1, 1]}
							}
						},
						{
							"origin": [-4.5, 23, 7.5],
							"size": [3, 1, 1],
							"uv": {
								"north": {"uv": [35, 16], "uv_size": [3, 1]},
								"east": {"uv": [25, 38], "uv_size": [1, 1]},
								"south": {"uv": [35, 17], "uv_size": [3, 1]},
								"west": {"uv": [26, 38], "uv_size": [1, 1]},
								"up": {"uv": [35, 28], "uv_size": [3, 1]},
								"down": {"uv": [35, 30], "uv_size": [3, -1]}
							}
						},
						{
							"origin": [-3.5, 23, 8.5],
							"size": [1, 1, 1],
							"uv": {
								"east": {"uv": [27, 38], "uv_size": [1, 1]},
								"south": {"uv": [38, 27], "uv_size": [1, 1]},
								"west": {"uv": [28, 38], "uv_size": [1, 1]},
								"up": {"uv": [38, 28], "uv_size": [1, 1]},
								"down": {"uv": [29, 39], "uv_size": [1, -1]}
							}
						},
						{
							"origin": [-3.5, 23, 6.5],
							"size": [1, 1, 1],
							"uv": {
								"north": {"uv": [38, 29], "uv_size": [1, 1]},
								"east": {"uv": [30, 38], "uv_size": [1, 1]},
								"west": {"uv": [38, 31], "uv_size": [1, 1]},
								"up": {"uv": [32, 38], "uv_size": [1, 1]},
								"down": {"uv": [38, 33], "uv_size": [1, -1]}
							}
						},
						{
							"origin": [2, 12, 6],
							"size": [4, 10, 4],
							"uv": {
								"east": {"uv": [4, 24], "uv_size": [4, 10]},
								"south": {"uv": [8, 24], "uv_size": [4, 10]},
								"west": {"uv": [25, 8], "uv_size": [4, 10]},
								"up": {"uv": [29, 12], "uv_size": [4, 4]},
								"down": {"uv": [29, 28], "uv_size": [4, -4]}
							}
						},
						{
							"origin": [3.5, 23, 6.5],
							"size": [1, 1, 1],
							"uv": {
								"north": {"uv": [33, 38], "uv_size": [1, 1]},
								"east": {"uv": [38, 33], "uv_size": [1, 1]},
								"west": {"uv": [38, 34], "uv_size": [1, 1]},
								"up": {"uv": [35, 38], "uv_size": [1, 1]},
								"down": {"uv": [38, 36], "uv_size": [1, -1]}
							}
						},
						{
							"origin": [3.5, 23, 8.5],
							"size": [1, 1, 1],
							"uv": {
								"east": {"uv": [38, 36], "uv_size": [1, 1]},
								"south": {"uv": [37, 38], "uv_size": [1, 1]},
								"west": {"uv": [38, 37], "uv_size": [1, 1]},
								"up": {"uv": [38, 38], "uv_size": [1, 1]},
								"down": {"uv": [0, 40], "uv_size": [1, -1]}
							}
						},
						{
							"origin": [2.5, 23, 7.5],
							"size": [3, 1, 1],
							"uv": {
								"north": {"uv": [33, 35], "uv_size": [3, 1]},
								"east": {"uv": [39, 0], "uv_size": [1, 1]},
								"south": {"uv": [36, 0], "uv_size": [3, 1]},
								"west": {"uv": [1, 39], "uv_size": [1, 1]},
								"up": {"uv": [36, 1], "uv_size": [3, 1]},
								"down": {"uv": [36, 3], "uv_size": [3, -1]}
							}
						},
						{
							"origin": [3.5, 22, 7.5],
							"size": [1, 1, 1],
							"uv": {
								"north": {"uv": [39, 1], "uv_size": [1, 1]},
								"east": {"uv": [2, 39], "uv_size": [1, 1]},
								"south": {"uv": [39, 2], "uv_size": [1, 1]},
								"west": {"uv": [3, 39], "uv_size": [1, 1]}
							}
						}
					]
				},
				{
					"name": "backpack",
					"parent": "scuba_backpack",
					"pivot": [0.5, 21.25, 3.75],
					"cubes": [
						{
							"origin": [-5, 24, 2],
							"size": [11, 1, 3],
							"uv": {
								"north": {"uv": [30, 4], "uv_size": [11, 1]},
								"east": {"uv": [36, 3], "uv_size": [3, 1]},
								"south": {"uv": [30, 5], "uv_size": [11, 1]},
								"west": {"uv": [12, 36], "uv_size": [3, 1]},
								"up": {"uv": [25, 18], "uv_size": [11, 3]}
							}
						},
						{
							"origin": [-6, 12, 2],
							"size": [13, 12, 4],
							"uv": {
								"north": {"uv": [0, 0], "uv_size": [13, 12]},
								"east": {"uv": [13, 8], "uv_size": [4, 12]},
								"south": {"uv": [0, 12], "uv_size": [13, 12]},
								"west": {"uv": [17, 8], "uv_size": [4, 12]},
								"up": {"uv": [13, 0], "uv_size": [13, 4]},
								"down": {"uv": [13, 8], "uv_size": [13, -4]}
							}
						}
					]
				}
			]
		}
	]
}