{
	"format_version": "1.12.0",
	"minecraft:geometry": [
		{
			"description": {
				"identifier": "geometry.solar_powered_backpack",
				"texture_width": 64,
				"texture_height": 64,
				"visible_bounds_width": 3,
				"visible_bounds_height": 3.5,
				"visible_bounds_offset": [0, 1.25, 0]
			},
			"bones": [
				{
					"name": "solar_powered_backpack",
					"pivot": [0, 15, 8.25]
				},
				{
					"name": "attachments",
					"parent": "solar_powered_backpack",
					"pivot": [0, 15, 8.25],
					"cubes": [
						{
							"origin": [-5, 14, 6],
							"size": [2, 13, 1],
							"uv": {
								"north": {"uv": [26, 28], "uv_size": [2, 13]},
								"east": {"uv": [4, 32], "uv_size": [1, 13]},
								"south": {"uv": [28, 28], "uv_size": [2, 13]},
								"west": {"uv": [5, 32], "uv_size": [1, 13]}
							}
						},
						{
							"origin": [3, 14, 6],
							"size": [2, 13, 1],
							"uv": {
								"north": {"uv": [6, 27], "uv_size": [2, 13]},
								"east": {"uv": [2, 32], "uv_size": [1, 13]},
								"south": {"uv": [8, 27], "uv_size": [2, 13]},
								"west": {"uv": [3, 32], "uv_size": [1, 13]}
							}
						},
						{
							"origin": [-6, 25, 3.41421],
							"size": [12, 1, 6],
							"pivot": [6, 24, 7.41421],
							"rotation": [-45, 0, 0],
							"uv": {
								"north": {"uv": [34, 28], "uv_size": [12, 1]},
								"east": {"uv": [30, 35], "uv_size": [6, 1]},
								"south": {"uv": [34, 29], "uv_size": [12, 1]},
								"west": {"uv": [36, 20], "uv_size": [6, 1]},
								"up": {"uv": [14, 12], "uv_size": [12, 6]},
								"down": {"uv": [14, 24], "uv_size": [12, -6]}
							}
						},
						{
							"origin": [-6, 15, 6],
							"size": [1, 2, 1],
							"uv": {
								"east": {"uv": [21, 38], "uv_size": [1, 2]},
								"south": {"uv": [22, 38], "uv_size": [1, 2]},
								"up": {"uv": [38, 35], "uv_size": [1, 1]},
								"down": {"uv": [38, 37], "uv_size": [1, -1]}
							}
						},
						{
							"origin": [-3, 15, 6],
							"size": [1, 2, 1],
							"uv": {
								"south": {"uv": [38, 31], "uv_size": [1, 2]},
								"west": {"uv": [32, 38], "uv_size": [1, 2]},
								"up": {"uv": [38, 37], "uv_size": [1, 1]},
								"down": {"uv": [38, 39], "uv_size": [1, -1]}
							}
						},
						{
							"origin": [-3, 15, 8],
							"size": [6, 5, 2],
							"uv": {
								"north": {"uv": [0, 27], "uv_size": [6, 5]},
								"east": {"uv": [14, 35], "uv_size": [2, 5]},
								"west": {"uv": [16, 35], "uv_size": [2, 5]},
								"up": {"uv": [20, 33], "uv_size": [6, 2]},
								"down": {"uv": [34, 28], "uv_size": [6, -2]}
							}
						},
						{
							"origin": [-2, 14, 6],
							"size": [1, 1, 4],
							"uv": {
								"east": {"uv": [36, 21], "uv_size": [4, 1]},
								"west": {"uv": [36, 22], "uv_size": [4, 1]},
								"up": {"uv": [30, 36], "uv_size": [1, 4]}
							}
						},
						{
							"origin": [-5, 14, 10],
							"size": [10, 7, 2],
							"uv": {
								"north": {"uv": [0, 20], "uv_size": [10, 7]},
								"east": {"uv": [18, 31], "uv_size": [2, 7]},
								"south": {"uv": [0, 50], "uv_size": [10, 7]},
								"west": {"uv": [0, 32], "uv_size": [2, 7]},
								"up": {"uv": [26, 20], "uv_size": [10, 2]}
							}
						},
						{
							"origin": [2, 15, 6],
							"size": [1, 2, 1],
							"uv": {
								"east": {"uv": [35, 36], "uv_size": [1, 2]},
								"south": {"uv": [36, 35], "uv_size": [1, 2]},
								"up": {"uv": [33, 38], "uv_size": [1, 1]},
								"down": {"uv": [38, 34], "uv_size": [1, -1]}
							}
						},
						{
							"origin": [5, 15, 6],
							"size": [1, 2, 1],
							"uv": {
								"south": {"uv": [13, 37], "uv_size": [1, 2]},
								"west": {"uv": [37, 35], "uv_size": [1, 2]},
								"up": {"uv": [34, 38], "uv_size": [1, 1]},
								"down": {"uv": [35, 39], "uv_size": [1, -1]}
							}
						},
						{
							"origin": [-1, 22, 5.41421],
							"size": [2, 3, 2],
							"pivot": [6, 24, 7.41421],
							"rotation": [-45, 0, 0],
							"uv": {
								"north": {"uv": [34, 31], "uv_size": [2, 3]},
								"east": {"uv": [20, 35], "uv_size": [2, 3]},
								"south": {"uv": [22, 35], "uv_size": [2, 3]},
								"west": {"uv": [24, 35], "uv_size": [2, 3]}
							}
						}
					]
				},
				{
					"name": "backpack",
					"parent": "solar_powered_backpack",
					"pivot": [8, 13, 5],
					"cubes": [
						{
							"origin": [1, 24, 3],
							"size": [1, 2, 0],
							"uv": {
								"north": {"uv": [38, 12], "uv_size": [1, 2]},
								"south": {"uv": [38, 14], "uv_size": [1, 2]}
							}
						},
						{
							"origin": [-7, 14, 2],
							"size": [14, 4, 4],
							"uv": {
								"north": {"uv": [20, 24], "uv_size": [14, 4]},
								"east": {"uv": [10, 20], "uv_size": [4, 4]},
								"south": {"uv": [26, 0], "uv_size": [14, 4]},
								"west": {"uv": [14, 31], "uv_size": [4, 4]},
								"up": {"uv": [26, 4], "uv_size": [14, 4]}
							}
						},
						{
							"origin": [-7, 13, 2],
							"size": [14, 1, 10],
							"uv": {
								"north": {"uv": [34, 24], "uv_size": [14, 1]},
								"east": {"uv": [30, 34], "uv_size": [10, 1]},
								"south": {"uv": [34, 25], "uv_size": [14, 1]},
								"west": {"uv": [34, 30], "uv_size": [10, 1]},
								"up": {"uv": [0, 0], "uv_size": [14, 10]},
								"down": {"uv": [0, 20], "uv_size": [14, -10]}
							}
						},
						{
							"origin": [-6, 18, 2],
							"size": [12, 6, 4],
							"uv": {
								"north": {"uv": [14, 0], "uv_size": [12, 6]},
								"east": {"uv": [30, 28], "uv_size": [4, 6]},
								"south": {"uv": [14, 6], "uv_size": [12, 6]},
								"west": {"uv": [10, 31], "uv_size": [4, 6]},
								"up": {"uv": [26, 12], "uv_size": [12, 4]}
							}
						},
						{
							"origin": [-2, 24, 3],
							"size": [1, 2, 0],
							"uv": {
								"north": {"uv": [36, 37], "uv_size": [1, 2]},
								"south": {"uv": [37, 37], "uv_size": [1, 2]}
							}
						},
						{
							"origin": [-1, 26, 3],
							"size": [2, 1, 0],
							"uv": {
								"north": {"uv": [36, 23], "uv_size": [2, 1]},
								"south": {"uv": [36, 33], "uv_size": [2, 1]}
							}
						}
					]
				}
			]
		}
	]
}