{
	"format_version": "1.12.0",
	"minecraft:geometry": [
		{
			"description": {
				"identifier": "geometry.space_backpack",
				"texture_width": 64,
				"texture_height": 64,
				"visible_bounds_width": 3,
				"visible_bounds_height": 3.5,
				"visible_bounds_offset": [0, 1.25, 0]
			},
			"bones": [
				{
					"name": "space_backpack",
					"pivot": [0, 20.5, 8.025],
					"cubes": [
						{
							"origin": [-2, 19, 8.025],
							"size": [4, 3, 0],
							"uv": {
								"north": {"uv": [8, 58], "uv_size": [8, 6]},
								"south": {"uv": [0, 58], "uv_size": [8, 6]}
							}
						}
					]
				},
				{
					"name": "attachments",
					"parent": "space_backpack",
					"pivot": [-8, 10, -3],
					"cubes": [
						{
							"origin": [4, 17, 8],
							"size": [2, 1, 1],
							"uv": {
								"south": {"uv": [33, 14], "uv_size": [2, 1]},
								"west": {"uv": [2, 35], "uv_size": [1, 1]},
								"up": {"uv": [33, 15], "uv_size": [2, 1]},
								"down": {"uv": [33, 17], "uv_size": [2, -1]}
							}
						},
						{
							"origin": [5, 17, 7],
							"size": [1, 1, 1],
							"uv": {
								"west": {"uv": [7, 35], "uv_size": [1, 1]},
								"up": {"uv": [8, 35], "uv_size": [1, 1]},
								"down": {"uv": [9, 36], "uv_size": [1, -1]}
							}
						},
						{
							"origin": [1, 16, 8],
							"size": [3, 3, 1],
							"uv": {
								"east": {"uv": [4, 33], "uv_size": [1, 3]},
								"south": {"uv": [30, 23], "uv_size": [3, 3]},
								"west": {"uv": [33, 4], "uv_size": [1, 3]},
								"up": {"uv": [5, 33], "uv_size": [3, 1]},
								"down": {"uv": [33, 8], "uv_size": [3, -1]}
							}
						},
						{
							"origin": [-1, 17, 8],
							"size": [2, 1, 1],
							"uv": {
								"south": {"uv": [20, 33], "uv_size": [2, 1]},
								"up": {"uv": [33, 20], "uv_size": [2, 1]},
								"down": {"uv": [33, 22], "uv_size": [2, -1]}
							}
						},
						{
							"origin": [-4, 12, 8],
							"size": [3, 7, 1],
							"uv": {
								"east": {"uv": [20, 6], "uv_size": [1, 7]},
								"south": {"uv": [30, 0], "uv_size": [3, 7]},
								"west": {"uv": [21, 6], "uv_size": [1, 7]},
								"up": {"uv": [8, 33], "uv_size": [3, 1]},
								"down": {"uv": [33, 9], "uv_size": [3, -1]}
							}
						},
						{
							"origin": [-6, 17, 8],
							"size": [2, 1, 1],
							"uv": {
								"east": {"uv": [13, 35], "uv_size": [1, 1]},
								"south": {"uv": [33, 23], "uv_size": [2, 1]},
								"up": {"uv": [33, 24], "uv_size": [2, 1]},
								"down": {"uv": [33, 26], "uv_size": [2, -1]}
							}
						},
						{
							"origin": [-6, 17, 7],
							"size": [1, 1, 1],
							"uv": {
								"east": {"uv": [15, 35], "uv_size": [1, 1]},
								"up": {"uv": [35, 16], "uv_size": [1, 1]},
								"down": {"uv": [17, 36], "uv_size": [1, -1]}
							}
						},
						{
							"origin": [-6, 13, 8],
							"size": [2, 1, 1],
							"uv": {
								"east": {"uv": [18, 35], "uv_size": [1, 1]},
								"south": {"uv": [33, 32], "uv_size": [2, 1]},
								"up": {"uv": [33, 33], "uv_size": [2, 1]},
								"down": {"uv": [34, 5], "uv_size": [2, -1]}
							}
						},
						{
							"origin": [-6, 13, 7],
							"size": [1, 1, 1],
							"uv": {
								"east": {"uv": [35, 19], "uv_size": [1, 1]},
								"up": {"uv": [35, 22], "uv_size": [1, 1]},
								"down": {"uv": [35, 24], "uv_size": [1, -1]}
							}
						},
						{
							"origin": [-1, 13, 8],
							"size": [2, 1, 1],
							"uv": {
								"south": {"uv": [34, 5], "uv_size": [2, 1]},
								"up": {"uv": [34, 6], "uv_size": [2, 1]},
								"down": {"uv": [7, 35], "uv_size": [2, -1]}
							}
						},
						{
							"origin": [1, 12, 8],
							"size": [3, 3, 1],
							"uv": {
								"east": {"uv": [33, 9], "uv_size": [1, 3]},
								"south": {"uv": [31, 29], "uv_size": [3, 3]},
								"west": {"uv": [11, 33], "uv_size": [1, 3]},
								"up": {"uv": [33, 12], "uv_size": [3, 1]},
								"down": {"uv": [33, 14], "uv_size": [3, -1]}
							}
						},
						{
							"origin": [2, 15, 8],
							"size": [1, 1, 1],
							"uv": {
								"east": {"uv": [35, 27], "uv_size": [1, 1]},
								"south": {"uv": [35, 28], "uv_size": [1, 1]},
								"west": {"uv": [35, 29], "uv_size": [1, 1]}
							}
						},
						{
							"origin": [4, 13, 8],
							"size": [2, 1, 1],
							"uv": {
								"south": {"uv": [34, 9], "uv_size": [2, 1]},
								"west": {"uv": [32, 35], "uv_size": [1, 1]},
								"up": {"uv": [34, 10], "uv_size": [2, 1]},
								"down": {"uv": [34, 12], "uv_size": [2, -1]}
							}
						},
						{
							"origin": [5, 13, 7],
							"size": [1, 1, 1],
							"uv": {
								"west": {"uv": [34, 35], "uv_size": [1, 1]},
								"up": {"uv": [35, 35], "uv_size": [1, 1]},
								"down": {"uv": [36, 1], "uv_size": [1, -1]}
							}
						},
						{
							"origin": [5, 22, 4],
							"size": [1, 1, 2],
							"uv": {
								"north": {"uv": [1, 36], "uv_size": [1, 1]},
								"south": {"uv": [36, 1], "uv_size": [1, 1]},
								"up": {"uv": [30, 33], "uv_size": [1, 2]},
								"down": {"uv": [34, 20], "uv_size": [1, -2]}
							}
						},
						{
							"origin": [6, 21, 4],
							"size": [1, 2, 2],
							"uv": {
								"north": {"uv": [20, 34], "uv_size": [1, 2]},
								"east": {"uv": [31, 32], "uv_size": [2, 2]},
								"south": {"uv": [21, 34], "uv_size": [1, 2]},
								"west": {"uv": [0, 33], "uv_size": [2, 2]},
								"up": {"uv": [34, 26], "uv_size": [1, 2]}
							}
						},
						{
							"origin": [-7, 21, 4],
							"size": [1, 2, 2],
							"uv": {
								"north": {"uv": [34, 28], "uv_size": [1, 2]},
								"east": {"uv": [33, 0], "uv_size": [2, 2]},
								"south": {"uv": [29, 34], "uv_size": [1, 2]},
								"west": {"uv": [2, 33], "uv_size": [2, 2]},
								"up": {"uv": [34, 30], "uv_size": [1, 2]}
							}
						},
						{
							"origin": [-6, 22, 4],
							"size": [1, 1, 2],
							"uv": {
								"north": {"uv": [2, 36], "uv_size": [1, 1]},
								"south": {"uv": [3, 36], "uv_size": [1, 1]},
								"up": {"uv": [0, 35], "uv_size": [1, 2]},
								"down": {"uv": [35, 2], "uv_size": [1, -2]}
							}
						}
					]
				},
				{
					"name": "backpack",
					"parent": "space_backpack",
					"pivot": [8, 10, -3],
					"cubes": [
						{
							"origin": [5, 11, 2],
							"size": [3, 10, 5],
							"uv": {
								"north": {"uv": [22, 26], "uv_size": [3, 10]},
								"south": {"uv": [25, 26], "uv_size": [3, 10]},
								"west": {"uv": [17, 20], "uv_size": [5, 10]},
								"up": {"uv": [30, 7], "uv_size": [3, 5]},
								"down": {"uv": [12, 35], "uv_size": [3, -5]}
							}
						},
						{
							"origin": [-8, 11, 2],
							"size": [3, 10, 5],
							"uv": {
								"north": {"uv": [27, 6], "uv_size": [3, 10]},
								"east": {"uv": [22, 6], "uv_size": [5, 10]},
								"south": {"uv": [27, 16], "uv_size": [3, 10]},
								"up": {"uv": [30, 12], "uv_size": [3, 5]},
								"down": {"uv": [15, 35], "uv_size": [3, -5]}
							}
						},
						{
							"origin": [-5, 10, 2],
							"size": [10, 14, 6],
							"uv": {
								"north": {"uv": [0, 0], "uv_size": [10, 14]},
								"east": {"uv": [0, 14], "uv_size": [6, 14]},
								"south": {"uv": [10, 0], "uv_size": [10, 14]},
								"west": {"uv": [6, 14], "uv_size": [6, 14]},
								"up": {"uv": [12, 14], "uv_size": [10, 6]},
								"down": {"uv": [20, 6], "uv_size": [10, -6]}
							}
						},
						{
							"origin": [-3, 24, 3],
							"size": [6, 1, 4],
							"uv": {
								"north": {"uv": [0, 32], "uv_size": [6, 1]},
								"east": {"uv": [33, 2], "uv_size": [4, 1]},
								"south": {"uv": [6, 32], "uv_size": [6, 1]},
								"west": {"uv": [33, 3], "uv_size": [4, 1]},
								"up": {"uv": [0, 28], "uv_size": [6, 4]}
							}
						}
					]
				}
			]
		}
	]
}