{
	"format_version": "1.12.0",
	"minecraft:geometry": [
		{
			"description": {
				"identifier": "geometry.steampunk_backpack",
				"texture_width": 64,
				"texture_height": 64,
				"visible_bounds_width": 3,
				"visible_bounds_height": 3.5,
				"visible_bounds_offset": [0, 1.25, 0]
			},
			"bones": [
				{
					"name": "steampunk_backpack",
					"pivot": [0, 21, 6.5]
				},
				{
					"name": "attachements",
					"parent": "steampunk_backpack",
					"pivot": [8, 13, -1.5],
					"cubes": [
						{
							"origin": [-10, 13, 3],
							"size": [3, 7, 3],
							"uv": {
								"north": {"uv": [22, 28], "uv_size": [3, 7]},
								"east": {"uv": [25, 28], "uv_size": [3, 7]},
								"south": {"uv": [28, 28], "uv_size": [3, 7]},
								"up": {"uv": [9, 29], "uv_size": [3, 3]},
								"down": {"uv": [9, 35], "uv_size": [3, -3]}
							}
						},
						{
							"origin": [-9, 20, 4],
							"size": [1, 5, 1],
							"uv": {
								"north": {"uv": [8, 33], "uv_size": [1, 5]},
								"east": {"uv": [12, 33], "uv_size": [1, 5]},
								"south": {"uv": [13, 33], "uv_size": [1, 5]},
								"west": {"uv": [14, 33], "uv_size": [1, 5]}
							}
						},
						{
							"origin": [-9, 25, 4],
							"size": [3, 1, 1],
							"uv": {
								"north": {"uv": [34, 32], "uv_size": [3, 1]},
								"east": {"uv": [36, 10], "uv_size": [1, 1]},
								"south": {"uv": [34, 33], "uv_size": [3, 1]},
								"up": {"uv": [34, 34], "uv_size": [3, 1]},
								"down": {"uv": [35, 9], "uv_size": [3, -1]}
							}
						},
						{
							"origin": [6, 25, 4],
							"size": [3, 1, 1],
							"uv": {
								"north": {"uv": [9, 35], "uv_size": [3, 1]},
								"south": {"uv": [35, 9], "uv_size": [3, 1]},
								"west": {"uv": [36, 12], "uv_size": [1, 1]},
								"up": {"uv": [21, 35], "uv_size": [3, 1]},
								"down": {"uv": [24, 36], "uv_size": [3, -1]}
							}
						},
						{
							"origin": [8, 20, 4],
							"size": [1, 5, 1],
							"uv": {
								"north": {"uv": [15, 33], "uv_size": [1, 5]},
								"east": {"uv": [16, 33], "uv_size": [1, 5]},
								"south": {"uv": [17, 33], "uv_size": [1, 5]},
								"west": {"uv": [18, 33], "uv_size": [1, 5]},
								"down": {"uv": [36, 15], "uv_size": [1, -1]}
							}
						},
						{
							"origin": [7, 20, 4],
							"size": [1, 1, 1],
							"uv": {
								"north": {"uv": [36, 15], "uv_size": [1, 1]},
								"south": {"uv": [36, 17], "uv_size": [1, 1]},
								"up": {"uv": [36, 19], "uv_size": [1, 1]},
								"down": {"uv": [36, 21], "uv_size": [1, -1]}
							}
						},
						{
							"origin": [8, 15, 4],
							"size": [1, 1, 1],
							"uv": {
								"north": {"uv": [21, 36], "uv_size": [1, 1]},
								"east": {"uv": [36, 21], "uv_size": [1, 1]},
								"south": {"uv": [22, 36], "uv_size": [1, 1]},
								"west": {"uv": [36, 22], "uv_size": [1, 1]},
								"down": {"uv": [36, 24], "uv_size": [1, -1]}
							}
						},
						{
							"origin": [8, 16, 3],
							"size": [1, 1, 3],
							"uv": {
								"north": {"uv": [24, 36], "uv_size": [1, 1]},
								"east": {"uv": [27, 35], "uv_size": [3, 1]},
								"south": {"uv": [36, 24], "uv_size": [1, 1]},
								"west": {"uv": [30, 35], "uv_size": [3, 1]},
								"up": {"uv": [33, 35], "uv_size": [1, 3]},
								"down": {"uv": [34, 38], "uv_size": [1, -3]}
							}
						},
						{
							"origin": [8, 17, 4],
							"size": [1, 1, 1],
							"uv": {
								"north": {"uv": [25, 36], "uv_size": [1, 1]},
								"east": {"uv": [36, 25], "uv_size": [1, 1]},
								"south": {"uv": [26, 36], "uv_size": [1, 1]},
								"west": {"uv": [36, 26], "uv_size": [1, 1]},
								"up": {"uv": [27, 36], "uv_size": [1, 1]}
							}
						},
						{
							"origin": [7, 16, 4],
							"size": [1, 1, 1],
							"uv": {
								"north": {"uv": [28, 36], "uv_size": [1, 1]},
								"south": {"uv": [30, 36], "uv_size": [1, 1]},
								"up": {"uv": [32, 36], "uv_size": [1, 1]},
								"down": {"uv": [36, 36], "uv_size": [1, -1]}
							}
						},
						{
							"origin": [0.5, 12.5, 11.05],
							"size": [5, 5, 0],
							"uv": {
								"north": {"uv": [28, 0], "uv_size": [5, 5]},
								"south": {"uv": [28, 5], "uv_size": [5, 5]}
							}
						},
						{
							"origin": [2, 14, 10],
							"size": [2, 2, 1],
							"uv": {
								"east": {"uv": [21, 33], "uv_size": [1, 2]},
								"south": {"uv": [33, 8], "uv_size": [2, 2]},
								"west": {"uv": [2, 36], "uv_size": [1, 2]},
								"up": {"uv": [3, 36], "uv_size": [2, 1]},
								"down": {"uv": [36, 4], "uv_size": [2, -1]}
							}
						},
						{
							"origin": [-4, 17, 10.025],
							"size": [3, 3, 0],
							"uv": {
								"north": {"uv": [31, 32], "uv_size": [3, 3]},
								"south": {"uv": [33, 0], "uv_size": [3, 3]}
							}
						},
						{
							"origin": [-3, 18, 9],
							"size": [1, 1, 1],
							"uv": {
								"east": {"uv": [37, 0], "uv_size": [1, 1]},
								"south": {"uv": [37, 1], "uv_size": [1, 1]},
								"west": {"uv": [37, 2], "uv_size": [1, 1]},
								"up": {"uv": [3, 37], "uv_size": [1, 1]},
								"down": {"uv": [4, 38], "uv_size": [1, -1]}
							}
						},
						{
							"origin": [-2, 21, 7],
							"size": [5, 5, 1],
							"uv": {
								"north": {"uv": [12, 28], "uv_size": [5, 5]},
								"east": {"uv": [19, 33], "uv_size": [1, 5]},
								"south": {"uv": [17, 28], "uv_size": [5, 5]},
								"west": {"uv": [20, 33], "uv_size": [1, 5]},
								"up": {"uv": [33, 6], "uv_size": [5, 1]},
								"down": {"uv": [33, 8], "uv_size": [5, -1]}
							}
						},
						{
							"origin": [4, 24, 6],
							"size": [1, 1, 2],
							"uv": {
								"east": {"uv": [36, 4], "uv_size": [2, 1]},
								"south": {"uv": [37, 5], "uv_size": [1, 1]},
								"west": {"uv": [5, 36], "uv_size": [2, 1]},
								"up": {"uv": [7, 36], "uv_size": [1, 2]},
								"down": {"uv": [9, 38], "uv_size": [1, -2]}
							}
						},
						{
							"origin": [3, 24, 7],
							"size": [1, 1, 1],
							"uv": {
								"north": {"uv": [6, 37], "uv_size": [1, 1]},
								"south": {"uv": [37, 10], "uv_size": [1, 1]},
								"up": {"uv": [37, 11], "uv_size": [1, 1]},
								"down": {"uv": [37, 13], "uv_size": [1, -1]}
							}
						},
						{
							"origin": [-3, 22, 7],
							"size": [1, 1, 1],
							"uv": {
								"south": {"uv": [37, 15], "uv_size": [1, 1]},
								"up": {"uv": [37, 17], "uv_size": [1, 1]},
								"down": {"uv": [37, 19], "uv_size": [1, -1]}
							}
						},
						{
							"origin": [-4, 20, 7],
							"size": [1, 3, 1],
							"uv": {
								"east": {"uv": [0, 36], "uv_size": [1, 3]},
								"south": {"uv": [36, 0], "uv_size": [1, 3]},
								"west": {"uv": [1, 36], "uv_size": [1, 3]},
								"up": {"uv": [37, 19], "uv_size": [1, 1]}
							}
						}
					]
				},
				{
					"name": "backpack",
					"parent": "steampunk_backpack",
					"pivot": [8, 13, -1.5],
					"cubes": [
						{
							"origin": [-6, 24, 3],
							"size": [12, 3, 3],
							"uv": {
								"north": {"uv": [24, 10], "uv_size": [12, 3]},
								"east": {"uv": [3, 33], "uv_size": [3, 3]},
								"south": {"uv": [24, 13], "uv_size": [12, 3]},
								"west": {"uv": [33, 3], "uv_size": [3, 3]},
								"up": {"uv": [24, 16], "uv_size": [12, 3]}
							}
						},
						{
							"origin": [-7, 13, 2],
							"size": [14, 11, 5],
							"uv": {
								"north": {"uv": [0, 0], "uv_size": [14, 11]},
								"east": {"uv": [14, 10], "uv_size": [5, 11]},
								"south": {"uv": [0, 11], "uv_size": [14, 11]},
								"west": {"uv": [19, 10], "uv_size": [5, 11]},
								"up": {"uv": [14, 0], "uv_size": [14, 5]},
								"down": {"uv": [14, 10], "uv_size": [14, -5]}
							}
						},
						{
							"origin": [-6, 13, 7],
							"size": [12, 4, 3],
							"uv": {
								"east": {"uv": [3, 29], "uv_size": [3, 4]},
								"south": {"uv": [0, 22], "uv_size": [12, 4]},
								"west": {"uv": [6, 29], "uv_size": [3, 4]},
								"up": {"uv": [24, 25], "uv_size": [12, 3]},
								"down": {"uv": [0, 29], "uv_size": [12, -3]}
							}
						},
						{
							"origin": [-5, 17, 7],
							"size": [10, 3, 2],
							"uv": {
								"east": {"uv": [12, 22], "uv_size": [2, 3]},
								"south": {"uv": [26, 22], "uv_size": [10, 3]},
								"west": {"uv": [6, 33], "uv_size": [2, 3]},
								"up": {"uv": [31, 28], "uv_size": [10, 2]}
							}
						}
					]
				}
			]
		}
	]
}