{
	"format_version": "1.12.0",
	"minecraft:geometry": [
		{
			"description": {
				"identifier": "geometry.wizard_backpack",
				"texture_width": 64,
				"texture_height": 64,
				"visible_bounds_width": 3,
				"visible_bounds_height": 3.5,
				"visible_bounds_offset": [0, 1.25, 0]
			},
			"bones": [
				{
					"name": "wizard_backpack",
					"pivot": [8, 13, -3]
				},
				{
					"name": "backpack",
					"parent": "wizard_backpack",
					"pivot": [8, 13, -3],
					"cubes": [
						{
							"origin": [-5, 13, 2],
							"size": [10, 11, 4],
							"uv": {
								"north": {"uv": [0, 0], "uv_size": [10, 11]},
								"east": {"uv": [0, 11], "uv_size": [4, 11]},
								"south": {"uv": [10, 0], "uv_size": [10, 11]},
								"west": {"uv": [4, 11], "uv_size": [4, 11]},
								"up": {"uv": [8, 17], "uv_size": [10, 4]},
								"down": {"uv": [18, 21], "uv_size": [10, -4]}
							}
						},
						{
							"origin": [-7, 12, 2],
							"size": [14, 1, 3],
							"uv": {
								"north": {"uv": [28, 20], "uv_size": [14, 1]},
								"east": {"uv": [36, 17], "uv_size": [3, 1]},
								"south": {"uv": [27, 29], "uv_size": [14, 1]},
								"west": {"uv": [36, 18], "uv_size": [3, 1]},
								"down": {"uv": [8, 17], "uv_size": [14, -3]}
							}
						},
						{
							"origin": [-4, 18.15076, 13.94975],
							"size": [8, 5, 3],
							"pivot": [9, 9.15076, 6.94975],
							"rotation": [45, 0, 0],
							"uv": {
								"east": {"uv": [28, 15], "uv_size": [3, 5]},
								"south": {"uv": [20, 5], "uv_size": [8, 5]},
								"west": {"uv": [24, 29], "uv_size": [3, 5]},
								"up": {"uv": [24, 26], "uv_size": [8, 3]},
								"down": {"uv": [28, 3], "uv_size": [8, -3]}
							}
						},
						{
							"origin": [-8, 13, 2],
							"size": [3, 4, 4],
							"uv": {
								"north": {"uv": [4, 30], "uv_size": [3, 4]},
								"east": {"uv": [0, 27], "uv_size": [4, 4]},
								"south": {"uv": [7, 30], "uv_size": [3, 4]},
								"up": {"uv": [10, 30], "uv_size": [3, 4]},
								"down": {"uv": [13, 34], "uv_size": [3, -4]}
							}
						},
						{
							"origin": [5, 13, 2],
							"size": [3, 4, 4],
							"uv": {
								"north": {"uv": [16, 30], "uv_size": [3, 4]},
								"south": {"uv": [19, 30], "uv_size": [3, 4]},
								"west": {"uv": [28, 11], "uv_size": [4, 4]},
								"up": {"uv": [30, 21], "uv_size": [3, 4]},
								"down": {"uv": [27, 34], "uv_size": [3, -4]}
							}
						}
					]
				},
				{
					"name": "attachements",
					"parent": "wizard_backpack",
					"pivot": [8, 13, -3],
					"cubes": [
						{
							"origin": [-3, 13, 8],
							"size": [6, 5, 1],
							"uv": {
								"north": {"uv": [0, 22], "uv_size": [6, 5]},
								"east": {"uv": [8, 34], "uv_size": [1, 5]},
								"south": {"uv": [22, 10], "uv_size": [6, 5]},
								"west": {"uv": [9, 34], "uv_size": [1, 5]},
								"up": {"uv": [32, 7], "uv_size": [6, 1]},
								"down": {"uv": [32, 9], "uv_size": [6, -1]}
							}
						},
						{
							"origin": [-3, 14, 9],
							"size": [6, 5, 1],
							"uv": {
								"north": {"uv": [24, 21], "uv_size": [6, 5]},
								"east": {"uv": [10, 34], "uv_size": [1, 5]},
								"south": {"uv": [6, 25], "uv_size": [6, 5]},
								"west": {"uv": [11, 34], "uv_size": [1, 5]},
								"up": {"uv": [32, 9], "uv_size": [6, 1]},
								"down": {"uv": [32, 11], "uv_size": [6, -1]}
							}
						},
						{
							"origin": [3, 16, 7],
							"size": [1, 1, 3],
							"uv": {
								"west": {"uv": [36, 27], "uv_size": [3, 1]},
								"up": {"uv": [2, 37], "uv_size": [1, 3]},
								"down": {"uv": [3, 40], "uv_size": [1, -3]}
							}
						},
						{
							"origin": [1, 16, 10],
							"size": [3, 1, 1],
							"uv": {
								"south": {"uv": [37, 13], "uv_size": [3, 1]},
								"west": {"uv": [38, 31], "uv_size": [1, 1]},
								"up": {"uv": [37, 14], "uv_size": [3, 1]},
								"down": {"uv": [37, 16], "uv_size": [3, -1]}
							}
						},
						{
							"origin": [-4, 16, 7],
							"size": [1, 1, 3],
							"uv": {
								"east": {"uv": [37, 16], "uv_size": [3, 1]},
								"up": {"uv": [37, 22], "uv_size": [1, 3]},
								"down": {"uv": [37, 33], "uv_size": [1, -3]}
							}
						},
						{
							"origin": [-4, 16, 10],
							"size": [3, 1, 1],
							"uv": {
								"east": {"uv": [33, 38], "uv_size": [1, 1]},
								"south": {"uv": [37, 34], "uv_size": [3, 1]},
								"up": {"uv": [37, 35], "uv_size": [3, 1]},
								"down": {"uv": [37, 37], "uv_size": [3, -1]}
							}
						},
						{
							"origin": [-1, 15, 10],
							"size": [2, 3, 1],
							"uv": {
								"east": {"uv": [37, 37], "uv_size": [1, 3]},
								"south": {"uv": [4, 27], "uv_size": [2, 3]},
								"west": {"uv": [38, 1], "uv_size": [1, 3]},
								"up": {"uv": [20, 10], "uv_size": [2, 1]},
								"down": {"uv": [38, 5], "uv_size": [2, -1]}
							}
						},
						{
							"origin": [-3, 14, 7],
							"size": [6, 5, 1],
							"uv": {
								"north": {"uv": [12, 25], "uv_size": [6, 5]},
								"east": {"uv": [12, 34], "uv_size": [1, 5]},
								"south": {"uv": [18, 25], "uv_size": [6, 5]},
								"west": {"uv": [13, 34], "uv_size": [1, 5]},
								"up": {"uv": [32, 11], "uv_size": [6, 1]},
								"down": {"uv": [32, 13], "uv_size": [6, -1]}
							}
						},
						{
							"origin": [-7, 19, 5],
							"size": [2, 1, 2],
							"pivot": [-6, 19.5, 5],
							"rotation": [-22.5, 0, 0],
							"uv": {
								"north": {"uv": [38, 7], "uv_size": [2, 1]},
								"east": {"uv": [38, 8], "uv_size": [2, 1]},
								"south": {"uv": [38, 9], "uv_size": [2, 1]},
								"west": {"uv": [38, 10], "uv_size": [2, 1]},
								"up": {"uv": [32, 13], "uv_size": [2, 2]},
								"down": {"uv": [32, 28], "uv_size": [2, -2]}
							}
						},
						{
							"origin": [-6.5, 17, 5.5],
							"size": [1, 4, 1],
							"pivot": [-6, 19.5, 5],
							"rotation": [-22.5, 0, 0],
							"uv": {
								"north": {"uv": [33, 21], "uv_size": [1, 4]},
								"east": {"uv": [34, 3], "uv_size": [1, 4]},
								"south": {"uv": [34, 21], "uv_size": [1, 4]},
								"west": {"uv": [24, 34], "uv_size": [1, 4]},
								"up": {"uv": [38, 37], "uv_size": [1, 1]}
							}
						},
						{
							"origin": [-7.5, 17, 1.5],
							"size": [1, 4, 1],
							"pivot": [-7, 19.5, 3],
							"rotation": [22.5, 0, 0],
							"uv": {
								"north": {"uv": [25, 34], "uv_size": [1, 4]},
								"east": {"uv": [26, 34], "uv_size": [1, 4]},
								"south": {"uv": [27, 34], "uv_size": [1, 4]},
								"west": {"uv": [28, 34], "uv_size": [1, 4]},
								"up": {"uv": [39, 1], "uv_size": [1, 1]}
							}
						},
						{
							"origin": [-8, 19, 1],
							"size": [2, 1, 2],
							"pivot": [-7, 19.5, 3],
							"rotation": [22.5, 0, 0],
							"uv": {
								"north": {"uv": [38, 11], "uv_size": [2, 1]},
								"east": {"uv": [38, 12], "uv_size": [2, 1]},
								"south": {"uv": [38, 22], "uv_size": [2, 1]},
								"west": {"uv": [38, 23], "uv_size": [2, 1]},
								"up": {"uv": [34, 13], "uv_size": [2, 2]},
								"down": {"uv": [34, 28], "uv_size": [2, -2]}
							}
						},
						{
							"origin": [5.5, 17, 1],
							"size": [2, 2, 6],
							"uv": {
								"north": {"uv": [34, 32], "uv_size": [2, 2]},
								"east": {"uv": [22, 15], "uv_size": [6, 2]},
								"south": {"uv": [34, 34], "uv_size": [2, 2]},
								"west": {"uv": [30, 30], "uv_size": [6, 2]},
								"up": {"uv": [22, 30], "uv_size": [2, 6]},
								"down": {"uv": [0, 37], "uv_size": [2, -6]}
							}
						},
						{
							"origin": [6, 17.5, 7],
							"size": [1, 1, 1],
							"uv": {
								"east": {"uv": [39, 5], "uv_size": [1, 1]},
								"south": {"uv": [39, 6], "uv_size": [1, 1]},
								"west": {"uv": [8, 39], "uv_size": [1, 1]},
								"up": {"uv": [9, 39], "uv_size": [1, 1]},
								"down": {"uv": [10, 40], "uv_size": [1, -1]}
							}
						},
						{
							"origin": [5, 19, 2],
							"size": [2, 2, 4],
							"uv": {
								"north": {"uv": [2, 35], "uv_size": [2, 2]},
								"south": {"uv": [35, 3], "uv_size": [2, 2]},
								"west": {"uv": [31, 17], "uv_size": [4, 2]},
								"up": {"uv": [2, 31], "uv_size": [2, 4]},
								"down": {"uv": [32, 7], "uv_size": [2, -4]}
							}
						},
						{
							"origin": [5.5, 19.5, 6],
							"size": [1, 1, 1],
							"uv": {
								"east": {"uv": [12, 39], "uv_size": [1, 1]},
								"south": {"uv": [13, 39], "uv_size": [1, 1]},
								"west": {"uv": [14, 39], "uv_size": [1, 1]},
								"up": {"uv": [15, 39], "uv_size": [1, 1]},
								"down": {"uv": [16, 40], "uv_size": [1, -1]}
							}
						},
						{
							"origin": [6, 17.5, 0],
							"size": [1, 1, 1],
							"uv": {
								"north": {"uv": [17, 39], "uv_size": [1, 1]},
								"east": {"uv": [39, 17], "uv_size": [1, 1]},
								"west": {"uv": [39, 18], "uv_size": [1, 1]},
								"up": {"uv": [19, 39], "uv_size": [1, 1]},
								"down": {"uv": [39, 20], "uv_size": [1, -1]}
							}
						},
						{
							"origin": [5.5, 19.5, 1],
							"size": [1, 1, 1],
							"uv": {
								"north": {"uv": [20, 39], "uv_size": [1, 1]},
								"east": {"uv": [21, 39], "uv_size": [1, 1]},
								"west": {"uv": [39, 25], "uv_size": [1, 1]},
								"up": {"uv": [39, 26], "uv_size": [1, 1]},
								"down": {"uv": [39, 28], "uv_size": [1, -1]}
							}
						},
						{
							"origin": [2, 17, 6],
							"size": [1, 5, 1],
							"uv": {
								"east": {"uv": [15, 34], "uv_size": [1, 5]},
								"south": {"uv": [16, 34], "uv_size": [1, 5]},
								"west": {"uv": [17, 34], "uv_size": [1, 5]}
							}
						},
						{
							"origin": [2, 27.70711, 5.63604],
							"size": [1, 4, 1],
							"pivot": [9, 24.70711, -4.36396],
							"rotation": [-45, 0, 0],
							"uv": {
								"east": {"uv": [35, 15], "uv_size": [1, 4]},
								"south": {"uv": [35, 21], "uv_size": [1, 4]},
								"west": {"uv": [36, 13], "uv_size": [1, 4]},
								"up": {"uv": [39, 30], "uv_size": [1, 1]}
							}
						},
						{
							"origin": [-3, 27.70711, 5.63604],
							"size": [1, 4, 1],
							"pivot": [-9, 24.70711, -4.36396],
							"rotation": [-45, 0, 0],
							"uv": {
								"east": {"uv": [22, 36], "uv_size": [1, 4]},
								"south": {"uv": [23, 36], "uv_size": [1, 4]},
								"west": {"uv": [36, 30], "uv_size": [1, 4]},
								"up": {"uv": [39, 31], "uv_size": [1, 1]}
							}
						},
						{
							"origin": [-3, 17, 6],
							"size": [1, 5, 1],
							"uv": {
								"east": {"uv": [19, 34], "uv_size": [1, 5]},
								"south": {"uv": [20, 34], "uv_size": [1, 5]},
								"west": {"uv": [21, 34], "uv_size": [1, 5]}
							}
						},
						{
							"origin": [2, 17.15076, 16.94975],
							"size": [1, 6, 1],
							"pivot": [9, 9.15076, 6.94975],
							"rotation": [45, 0, 0],
							"uv": {
								"north": {"uv": [30, 32], "uv_size": [1, 6]},
								"east": {"uv": [31, 32], "uv_size": [1, 6]},
								"south": {"uv": [32, 32], "uv_size": [1, 6]},
								"west": {"uv": [33, 32], "uv_size": [1, 6]},
								"down": {"uv": [39, 38], "uv_size": [1, -1]}
							}
						},
						{
							"origin": [-3, 17.15076, 16.94975],
							"size": [1, 6, 1],
							"pivot": [9, 9.15076, 6.94975],
							"rotation": [45, 0, 0],
							"uv": {
								"north": {"uv": [4, 34], "uv_size": [1, 6]},
								"east": {"uv": [5, 34], "uv_size": [1, 6]},
								"south": {"uv": [6, 34], "uv_size": [1, 6]},
								"west": {"uv": [7, 34], "uv_size": [1, 6]},
								"down": {"uv": [39, 39], "uv_size": [1, -1]}
							}
						},
						{
							"origin": [-3, 23.15076, 13.94975],
							"size": [1, 1, 4],
							"pivot": [9, 9.15076, 6.94975],
							"rotation": [45, 0, 0],
							"uv": {
								"east": {"uv": [32, 28], "uv_size": [4, 1]},
								"south": {"uv": [40, 0], "uv_size": [1, 1]},
								"west": {"uv": [35, 5], "uv_size": [4, 1]},
								"up": {"uv": [34, 36], "uv_size": [1, 4]}
							}
						},
						{
							"origin": [2, 23.15076, 13.94975],
							"size": [1, 1, 4],
							"pivot": [-9, 9.15076, 6.94975],
							"rotation": [45, 0, 0],
							"uv": {
								"east": {"uv": [35, 6], "uv_size": [4, 1]},
								"south": {"uv": [2, 40], "uv_size": [1, 1]},
								"west": {"uv": [36, 0], "uv_size": [4, 1]},
								"up": {"uv": [35, 36], "uv_size": [1, 4]}
							}
						},
						{
							"origin": [2, 22.93934, 1.85355],
							"size": [1, 2, 1],
							"pivot": [2.5, 22.93934, 2.35355],
							"rotation": [45, 0, 0],
							"uv": {
								"north": {"uv": [36, 1], "uv_size": [1, 2]},
								"east": {"uv": [24, 38], "uv_size": [1, 2]},
								"west": {"uv": [25, 38], "uv_size": [1, 2]},
								"up": {"uv": [40, 2], "uv_size": [1, 1]}
							}
						},
						{
							"origin": [-3, 22.93934, 1.85355],
							"size": [1, 2, 1],
							"pivot": [-2.5, 22.93934, 2.35355],
							"rotation": [45, 0, 0],
							"uv": {
								"north": {"uv": [26, 38], "uv_size": [1, 2]},
								"east": {"uv": [27, 38], "uv_size": [1, 2]},
								"west": {"uv": [29, 38], "uv_size": [1, 2]},
								"up": {"uv": [40, 3], "uv_size": [1, 1]}
							}
						},
						{
							"origin": [-4, 13, 6],
							"size": [8, 4, 1],
							"uv": {
								"east": {"uv": [1, 37], "uv_size": [1, 4]},
								"south": {"uv": [16, 21], "uv_size": [8, 4]},
								"west": {"uv": [37, 1], "uv_size": [1, 4]},
								"up": {"uv": [30, 25], "uv_size": [8, 1]},
								"down": {"uv": [31, 20], "uv_size": [8, -1]}
							}
						}
					]
				}
			]
		}
	]
}