{
	"format_version": "1.12.0",
	"minecraft:geometry": [
		{
			"description": {
				"identifier": "geometry.adventurer_backpack",
				"texture_width": 64,
				"texture_height": 64,
				"visible_bounds_width": 3,
				"visible_bounds_height": 3.5,
				"visible_bounds_offset": [0, 1.25, 0]
			},
			"bones": [
				{
					"name": "adventurer_backpack",
					"pivot": [0, 9.53553, -1],
					"cubes": [
						{
							"origin": [-8, 10.03553, 1.5],
							"size": [16, 4, 4],
							"pivot": [0, 12.53553, 4],
							"rotation": [45, 0, 0],
							"uv": {
								"north": {"uv": [0, 12], "uv_size": [16, 4]},
								"east": {"uv": [24, 29], "uv_size": [4, 4]},
								"south": {"uv": [0, 16], "uv_size": [16, 4]},
								"west": {"uv": [28, 30], "uv_size": [4, 4]},
								"up": {"uv": [16, 12], "uv_size": [16, 4]},
								"down": {"uv": [16, 20], "uv_size": [16, -4]}
							}
						}
					]
				},
				{
					"name": "strap",
					"parent": "adventurer_backpack",
					"pivot": [1, 10.35285, 6.35285],
					"cubes": [
						{
							"origin": [-4, 11.60285, 5.85285],
							"size": [2, 1.75, 0],
							"pivot": [-5, 13.35285, 6.35285],
							"rotation": [45, 0, 0],
							"uv": {
								"north": {"uv": [38, 36], "uv_size": [2, 2]},
								"south": {"uv": [38, 38], "uv_size": [2, 2]}
							}
						},
						{
							"origin": [-4, 11.60285, 1.35285],
							"size": [2, 0, 4.5],
							"pivot": [-5, 13.35285, 6.35285],
							"rotation": [45, 0, 0],
							"uv": {
								"up": {"uv": [28, 34], "uv_size": [2, 5]},
								"down": {"uv": [30, 39], "uv_size": [2, -5]}
							}
						},
						{
							"origin": [-4, 11.60285, 1.35285],
							"size": [2, 4.5, 0],
							"pivot": [-5, 13.35285, 6.35285],
							"rotation": [45, 0, 0],
							"uv": {
								"north": {"uv": [20, 35], "uv_size": [2, 5]},
								"south": {"uv": [22, 35], "uv_size": [2, 5]}
							}
						},
						{
							"origin": [-4, 16.10285, 1.35285],
							"size": [2, 0, 2],
							"pivot": [-5, 13.35285, 6.35285],
							"rotation": [45, 0, 0],
							"uv": {
								"up": {"uv": [39, 9], "uv_size": [2, 2]},
								"down": {"uv": [12, 41], "uv_size": [2, -2]}
							}
						},
						{
							"origin": [2, 16.10285, 1.35285],
							"size": [2, 0, 2],
							"pivot": [1, 13.35285, 6.35285],
							"rotation": [45, 0, 0],
							"uv": {
								"up": {"uv": [39, 23], "uv_size": [2, 2]},
								"down": {"uv": [39, 27], "uv_size": [2, -2]}
							}
						},
						{
							"origin": [2, 11.60285, 1.35285],
							"size": [2, 4.5, 0],
							"pivot": [1, 13.35285, 6.35285],
							"rotation": [45, 0, 0],
							"uv": {
								"north": {"uv": [35, 23], "uv_size": [2, 5]},
								"south": {"uv": [35, 28], "uv_size": [2, 5]}
							}
						},
						{
							"origin": [2, 11.60285, 1.35285],
							"size": [2, 0, 4.5],
							"pivot": [1, 13.35285, 6.35285],
							"rotation": [45, 0, 0],
							"uv": {
								"up": {"uv": [0, 36], "uv_size": [2, 5]},
								"down": {"uv": [36, 5], "uv_size": [2, -5]}
							}
						},
						{
							"origin": [2, 11.60285, 5.85285],
							"size": [2, 1.75, 0],
							"pivot": [1, 13.35285, 6.35285],
							"rotation": [45, 0, 0],
							"uv": {
								"north": {"uv": [28, 39], "uv_size": [2, 2]},
								"south": {"uv": [30, 39], "uv_size": [2, 2]}
							}
						},
						{
							"origin": [1, 24.79194, 9.27235],
							"size": [2, 0, 2.75],
							"pivot": [4, 17.04194, 10.02235],
							"rotation": [22.5, 0, 0],
							"uv": {
								"up": {"uv": [10, 38], "uv_size": [2, 3]},
								"down": {"uv": [38, 15], "uv_size": [2, -3]}
							}
						},
						{
							"origin": [1, 22.29194, 12.02235],
							"size": [2, 2.5, 0],
							"pivot": [4, 17.04194, 10.02235],
							"rotation": [22.5, 0, 0],
							"uv": {
								"north": {"uv": [38, 20], "uv_size": [2, 3]},
								"south": {"uv": [24, 38], "uv_size": [2, 3]}
							}
						},
						{
							"origin": [1, 22.48262, 10.22998],
							"size": [2, 0, 2.75],
							"pivot": [4, 14.73262, 10.97998],
							"rotation": [22.5, 0, 0],
							"uv": {
								"up": {"uv": [26, 38], "uv_size": [2, 3]},
								"down": {"uv": [38, 34], "uv_size": [2, -3]}
							}
						},
						{
							"origin": [-2, 24, 2],
							"size": [4, 3, 0],
							"uv": {
								"north": {"uv": [4, 33], "uv_size": [4, 3]},
								"south": {"uv": [8, 33], "uv_size": [4, 3]}
							}
						}
					]
				},
				{
					"name": "spyglass",
					"parent": "adventurer_backpack",
					"pivot": [3.5, 13.79194, 10.02235],
					"cubes": [
						{
							"origin": [-4.5, 21.79194, 9.52235],
							"size": [4, 3, 3],
							"pivot": [-0.5, 16.29194, 9.52235],
							"rotation": [22.5, 0, 0],
							"uv": {
								"north": {"uv": [12, 33], "uv_size": [4, 3]},
								"east": {"uv": [36, 9], "uv_size": [3, 3]},
								"south": {"uv": [16, 33], "uv_size": [4, 3]},
								"west": {"uv": [12, 36], "uv_size": [3, 3]},
								"up": {"uv": [24, 33], "uv_size": [4, 3]},
								"down": {"uv": [32, 36], "uv_size": [4, -3]}
							}
						},
						{
							"origin": [-0.5, 22.54194, 9.77235],
							"size": [5, 2, 2],
							"pivot": [3.5, 16.79194, 10.02235],
							"rotation": [22.5, 0, 0],
							"uv": {
								"north": {"uv": [2, 36], "uv_size": [5, 2]},
								"south": {"uv": [36, 5], "uv_size": [5, 2]},
								"west": {"uv": [40, 2], "uv_size": [2, 2]},
								"up": {"uv": [7, 36], "uv_size": [5, 2]},
								"down": {"uv": [36, 9], "uv_size": [5, -2]}
							}
						}
					]
				},
				{
					"name": "backpack",
					"parent": "adventurer_backpack",
					"pivot": [5, 9, 6],
					"cubes": [
						{
							"origin": [-5, 12, 2],
							"size": [10, 12, 4],
							"uv": {
								"north": {"uv": [0, 0], "uv_size": [10, 12]},
								"east": {"uv": [0, 20], "uv_size": [4, 12]},
								"south": {"uv": [10, 0], "uv_size": [10, 12]},
								"west": {"uv": [20, 0], "uv_size": [4, 12]},
								"up": {"uv": [20, 20], "uv_size": [10, 4]}
							}
						},
						{
							"origin": [5, 15, 2],
							"size": [2, 4, 4],
							"uv": {
								"north": {"uv": [34, 0], "uv_size": [2, 4]},
								"south": {"uv": [36, 12], "uv_size": [2, 4]},
								"west": {"uv": [32, 4], "uv_size": [4, 4]},
								"down": {"uv": [17, 40], "uv_size": [2, -4]}
							}
						},
						{
							"origin": [5, 16.75, 1.75],
							"size": [2.25, 2.5, 4.5],
							"uv": {
								"north": {"uv": [40, 11], "uv_size": [2, 2]},
								"east": {"uv": [24, 36], "uv_size": [4, 2]},
								"south": {"uv": [40, 13], "uv_size": [2, 2]},
								"west": {"uv": [32, 36], "uv_size": [4, 2]},
								"up": {"uv": [36, 33], "uv_size": [2, 4]},
								"down": {"uv": [37, 27], "uv_size": [2, -4]}
							}
						},
						{
							"origin": [-7.25, 16.75, 1.75],
							"size": [2.25, 2.5, 4.5],
							"uv": {
								"north": {"uv": [14, 40], "uv_size": [2, 2]},
								"east": {"uv": [37, 27], "uv_size": [4, 2]},
								"south": {"uv": [40, 15], "uv_size": [2, 2]},
								"west": {"uv": [37, 29], "uv_size": [4, 2]},
								"up": {"uv": [36, 37], "uv_size": [2, 4]},
								"down": {"uv": [38, 4], "uv_size": [2, -4]}
							}
						},
						{
							"origin": [-7, 15, 2],
							"size": [2, 4, 4],
							"uv": {
								"north": {"uv": [2, 38], "uv_size": [2, 4]},
								"east": {"uv": [32, 8], "uv_size": [4, 4]},
								"south": {"uv": [4, 38], "uv_size": [2, 4]},
								"down": {"uv": [8, 42], "uv_size": [2, -4]}
							}
						},
						{
							"origin": [-4, 18.80239, 3.03387],
							"size": [8, 6, 4],
							"pivot": [0, 21.80239, 4.53387],
							"rotation": [22.5, 0, 0],
							"uv": {
								"east": {"uv": [28, 24], "uv_size": [4, 6]},
								"south": {"uv": [12, 20], "uv_size": [8, 6]},
								"west": {"uv": [20, 29], "uv_size": [4, 6]},
								"up": {"uv": [4, 26], "uv_size": [8, 4]},
								"down": {"uv": [12, 30], "uv_size": [8, -4]}
							}
						},
						{
							"origin": [-4, 13, 6],
							"size": [8, 5, 3],
							"uv": {
								"east": {"uv": [32, 23], "uv_size": [3, 5]},
								"south": {"uv": [20, 24], "uv_size": [8, 5]},
								"west": {"uv": [32, 28], "uv_size": [3, 5]},
								"down": {"uv": [4, 33], "uv_size": [8, -3]}
							}
						},
						{
							"origin": [-4.25, 15.75, 6],
							"size": [8.5, 2.5, 3.25],
							"uv": {
								"east": {"uv": [32, 38], "uv_size": [3, 2]},
								"south": {"uv": [32, 18], "uv_size": [8, 2]},
								"west": {"uv": [38, 34], "uv_size": [3, 2]},
								"up": {"uv": [12, 30], "uv_size": [8, 3]},
								"down": {"uv": [30, 23], "uv_size": [8, -3]}
							}
						}
					]
				}
			]
		}
	]
}