{
	"format_version": "1.12.0",
	"minecraft:geometry": [
		{
			"description": {
				"identifier": "geometry.builder_backpack",
				"texture_width": 64,
				"texture_height": 64,
				"visible_bounds_width": 3,
				"visible_bounds_height": 3.5,
				"visible_bounds_offset": [0, 1.25, 0]
			},
			"bones": [
				{
					"name": "builder_backpack",
					"pivot": [-5, 13, 2]
				},
				{
					"name": "hammer",
					"parent": "builder_backpack",
					"pivot": [15.5, 16, 2],
					"cubes": [
						{
							"origin": [5.5, 21, 2],
							"size": [2, 2, 4],
							"uv": {
								"north": {"uv": [37, 33], "uv_size": [2, 2]},
								"east": {"uv": [33, 29], "uv_size": [4, 2]},
								"south": {"uv": [34, 37], "uv_size": [2, 2]},
								"west": {"uv": [33, 31], "uv_size": [4, 2]},
								"up": {"uv": [32, 33], "uv_size": [2, 4]},
								"down": {"uv": [34, 4], "uv_size": [2, -4]}
							}
						},
						{
							"origin": [6, 18, 3.5],
							"size": [1, 3, 1],
							"uv": {
								"north": {"uv": [37, 35], "uv_size": [1, 3]},
								"east": {"uv": [36, 37], "uv_size": [1, 3]},
								"south": {"uv": [38, 0], "uv_size": [1, 3]},
								"west": {"uv": [38, 3], "uv_size": [1, 3]}
							}
						},
						{
							"origin": [5.5, 16, 3],
							"size": [2, 2, 2],
							"uv": {
								"north": {"uv": [6, 28], "uv_size": [2, 2]},
								"east": {"uv": [34, 4], "uv_size": [2, 2]},
								"south": {"uv": [27, 37], "uv_size": [2, 2]},
								"west": {"uv": [37, 29], "uv_size": [2, 2]},
								"up": {"uv": [37, 31], "uv_size": [2, 2]}
							}
						}
					]
				},
				{
					"name": "blueprint2",
					"parent": "builder_backpack",
					"pivot": [7, 24, 2],
					"cubes": [
						{
							"origin": [-4, 27.25, 3],
							"size": [8, 0, 4],
							"pivot": [7, 24, 2],
							"rotation": [-45, 0, 0],
							"uv": {
								"up": {"uv": [8, 23], "uv_size": [8, 4]},
								"down": {"uv": [16, 27], "uv_size": [8, -4]}
							}
						},
						{
							"origin": [3, 28.25, 3],
							"size": [1, 0, 4],
							"pivot": [7, 24, 2],
							"rotation": [-45, 0, 0],
							"uv": {
								"up": {"uv": [31, 36], "uv_size": [1, 4]},
								"down": {"uv": [36, 37], "uv_size": [1, -4]}
							}
						},
						{
							"origin": [-4, 28.25, 3],
							"size": [1, 0, 4],
							"pivot": [0, 24, 2],
							"rotation": [-45, 0, 0],
							"uv": {
								"up": {"uv": [21, 37], "uv_size": [1, 4]},
								"down": {"uv": [22, 41], "uv_size": [1, -4]}
							}
						},
						{
							"origin": [-4, 27.25, 3],
							"size": [0, 1, 4],
							"pivot": [0, 24, 2],
							"rotation": [-45, 0, 0],
							"uv": {
								"east": {"uv": [37, 14], "uv_size": [4, 1]},
								"west": {"uv": [37, 15], "uv_size": [4, 1]}
							}
						},
						{
							"origin": [-3, 27.25, 3],
							"size": [0, 1, 4],
							"pivot": [0, 24, 2],
							"rotation": [-45, 0, 0],
							"uv": {
								"east": {"uv": [37, 16], "uv_size": [4, 1]},
								"west": {"uv": [23, 37], "uv_size": [4, 1]}
							}
						},
						{
							"origin": [3, 27.25, 3],
							"size": [0, 1, 4],
							"pivot": [7, 24, 2],
							"rotation": [-45, 0, 0],
							"uv": {
								"east": {"uv": [37, 12], "uv_size": [4, 1]},
								"west": {"uv": [37, 13], "uv_size": [4, 1]}
							}
						},
						{
							"origin": [4, 27.25, 3],
							"size": [0, 1, 4],
							"pivot": [7, 24, 2],
							"rotation": [-45, 0, 0],
							"uv": {
								"east": {"uv": [36, 19], "uv_size": [4, 1]},
								"west": {"uv": [36, 28], "uv_size": [4, 1]}
							}
						}
					]
				},
				{
					"name": "blueprint",
					"parent": "blueprint2",
					"pivot": [2.5, 16, 2],
					"cubes": [
						{
							"origin": [-7.5, 16, 3],
							"size": [0, 5, 2],
							"uv": {
								"east": {"uv": [3, 31], "uv_size": [2, 5]},
								"west": {"uv": [32, 12], "uv_size": [2, 5]}
							}
						},
						{
							"origin": [-7.5, 16, 3],
							"size": [2, 5, 0],
							"uv": {
								"north": {"uv": [21, 32], "uv_size": [2, 5]},
								"south": {"uv": [23, 32], "uv_size": [2, 5]}
							}
						},
						{
							"origin": [-5.5, 16, 3],
							"size": [0, 5, 2],
							"uv": {
								"east": {"uv": [25, 32], "uv_size": [2, 5]},
								"west": {"uv": [27, 32], "uv_size": [2, 5]}
							}
						},
						{
							"origin": [-6.5, 16, 5],
							"size": [1, 5, 0],
							"uv": {
								"north": {"uv": [4, 36], "uv_size": [1, 5]},
								"south": {"uv": [36, 12], "uv_size": [1, 5]}
							}
						},
						{
							"origin": [-6.499, 16, 3.001],
							"size": [0, 5, 2],
							"uv": {
								"east": {"uv": [5, 33], "uv_size": [2, 5]},
								"west": {"uv": [7, 33], "uv_size": [2, 5]}
							}
						},
						{
							"origin": [-7.5, 16, 5],
							"size": [1, 5, 0],
							"uv": {
								"north": {"uv": [29, 36], "uv_size": [1, 5]},
								"south": {"uv": [30, 36], "uv_size": [1, 5]}
							}
						}
					]
				},
				{
					"name": "wood",
					"parent": "builder_backpack",
					"pivot": [5, 14, 6],
					"cubes": [
						{
							"origin": [-6, 17, 6],
							"size": [12, 1, 3],
							"uv": {
								"north": {"uv": [30, 10], "uv_size": [12, 1]},
								"east": {"uv": [38, 7], "uv_size": [3, 1]},
								"south": {"uv": [32, 11], "uv_size": [12, 1]},
								"west": {"uv": [8, 38], "uv_size": [3, 1]},
								"up": {"uv": [8, 20], "uv_size": [12, 3]},
								"down": {"uv": [20, 23], "uv_size": [12, -3]}
							}
						},
						{
							"origin": [-8, 15, 7],
							"size": [16, 2, 3],
							"uv": {
								"north": {"uv": [22, 17], "uv_size": [16, 2]},
								"east": {"uv": [35, 20], "uv_size": [3, 2]},
								"south": {"uv": [24, 23], "uv_size": [16, 2]},
								"west": {"uv": [35, 25], "uv_size": [3, 2]},
								"up": {"uv": [16, 11], "uv_size": [16, 3]},
								"down": {"uv": [16, 17], "uv_size": [16, -3]}
							}
						},
						{
							"origin": [-7, 14, 6],
							"size": [14, 1, 3],
							"uv": {
								"east": {"uv": [5, 38], "uv_size": [3, 1]},
								"south": {"uv": [22, 28], "uv_size": [14, 1]},
								"west": {"uv": [38, 6], "uv_size": [3, 1]},
								"up": {"uv": [8, 17], "uv_size": [14, 3]},
								"down": {"uv": [20, 3], "uv_size": [14, -3]}
							}
						}
					]
				},
				{
					"name": "strap",
					"parent": "builder_backpack",
					"pivot": [5, 24, 2],
					"cubes": [
						{
							"origin": [2, 14, 10.25],
							"size": [2, 4.25, 0],
							"uv": {
								"north": {"uv": [9, 34], "uv_size": [2, 4]},
								"south": {"uv": [11, 34], "uv_size": [2, 4]}
							}
						},
						{
							"origin": [2, 18.25, 6],
							"size": [2, 0, 4.25],
							"uv": {
								"up": {"uv": [34, 12], "uv_size": [2, 4]},
								"down": {"uv": [34, 37], "uv_size": [2, -4]}
							}
						},
						{
							"origin": [-4, 14, 10.25],
							"size": [2, 4.25, 0],
							"uv": {
								"north": {"uv": [2, 36], "uv_size": [2, 4]},
								"south": {"uv": [36, 4], "uv_size": [2, 4]}
							}
						},
						{
							"origin": [-4, 18.25, 6],
							"size": [2, 0, 4.25],
							"uv": {
								"up": {"uv": [0, 35], "uv_size": [2, 4]},
								"down": {"uv": [36, 4], "uv_size": [2, -4]}
							}
						},
						{
							"origin": [-2, 24, 2],
							"size": [4, 3, 0],
							"uv": {
								"north": {"uv": [22, 29], "uv_size": [4, 3]},
								"south": {"uv": [26, 29], "uv_size": [4, 3]}
							}
						}
					]
				},
				{
					"name": "legs",
					"parent": "builder_backpack",
					"pivot": [-5, 13, 6],
					"cubes": [
						{
							"origin": [2, 13, 6],
							"size": [2, 1, 5],
							"uv": {
								"east": {"uv": [33, 9], "uv_size": [5, 1]},
								"south": {"uv": [34, 16], "uv_size": [2, 1]},
								"west": {"uv": [35, 22], "uv_size": [5, 1]},
								"up": {"uv": [13, 33], "uv_size": [2, 5]},
								"down": {"uv": [15, 38], "uv_size": [2, -5]}
							}
						},
						{
							"origin": [-4, 13, 6],
							"size": [2, 1, 5],
							"uv": {
								"east": {"uv": [35, 27], "uv_size": [5, 1]},
								"south": {"uv": [11, 38], "uv_size": [2, 1]},
								"west": {"uv": [36, 8], "uv_size": [5, 1]},
								"up": {"uv": [17, 33], "uv_size": [2, 5]},
								"down": {"uv": [19, 38], "uv_size": [2, -5]}
							}
						}
					]
				},
				{
					"name": "backpack",
					"parent": "builder_backpack",
					"pivot": [-15, 13, 2],
					"cubes": [
						{
							"origin": [-4, 24, 2],
							"size": [8, 3, 6],
							"pivot": [5, 24, 2],
							"rotation": [-45, 0, 0],
							"uv": {
								"north": {"uv": [24, 25], "uv_size": [8, 3]},
								"east": {"uv": [16, 27], "uv_size": [6, 3]},
								"south": {"uv": [8, 27], "uv_size": [8, 3]},
								"west": {"uv": [0, 28], "uv_size": [6, 3]},
								"up": {"uv": [0, 11], "uv_size": [8, 6]},
								"down": {"uv": [8, 17], "uv_size": [8, -6]}
							}
						},
						{
							"origin": [-5, 13, 2],
							"size": [10, 11, 4],
							"uv": {
								"north": {"uv": [0, 0], "uv_size": [10, 11]},
								"east": {"uv": [0, 17], "uv_size": [4, 11]},
								"south": {"uv": [10, 0], "uv_size": [10, 11]},
								"west": {"uv": [4, 17], "uv_size": [4, 11]},
								"up": {"uv": [20, 3], "uv_size": [10, 4]},
								"down": {"uv": [20, 11], "uv_size": [10, -4]}
							}
						},
						{
							"origin": [5, 13, 2],
							"size": [3, 3, 4],
							"uv": {
								"north": {"uv": [32, 20], "uv_size": [3, 3]},
								"south": {"uv": [32, 25], "uv_size": [3, 3]},
								"west": {"uv": [6, 30], "uv_size": [4, 3]},
								"up": {"uv": [30, 6], "uv_size": [3, 4]},
								"down": {"uv": [10, 34], "uv_size": [3, -4]}
							}
						},
						{
							"origin": [-8, 13, 2],
							"size": [3, 3, 4],
							"uv": {
								"north": {"uv": [33, 6], "uv_size": [3, 3]},
								"east": {"uv": [13, 30], "uv_size": [4, 3]},
								"south": {"uv": [29, 33], "uv_size": [3, 3]},
								"up": {"uv": [30, 29], "uv_size": [3, 4]},
								"down": {"uv": [0, 35], "uv_size": [3, -4]}
							}
						}
					]
				}
			]
		}
	]
}