{
	"format_version": "1.12.0",
	"minecraft:geometry": [
		{
			"description": {
				"identifier": "geometry.chef_backpack",
				"texture_width": 64,
				"texture_height": 64,
				"visible_bounds_width": 3,
				"visible_bounds_height": 3.5,
				"visible_bounds_offset": [0, 1.25, 0]
			},
			"bones": [
				{
					"name": "chef_backpack",
					"pivot": [1, 16.5, 9],
					"cubes": [
						{
							"origin": [-2, 13, 7],
							"size": [6, 7, 4],
							"uv": {
								"east": {"uv": [10, 21], "uv_size": [4, 7]},
								"south": {"uv": [20, 19], "uv_size": [6, 7]},
								"west": {"uv": [14, 21], "uv_size": [4, 7]},
								"up": {"uv": [18, 26], "uv_size": [6, 4]},
								"down": {"uv": [26, 22], "uv_size": [6, -4]}
							}
						}
					]
				},
				{
					"name": "pan",
					"parent": "chef_backpack",
					"pivot": [-15, 15, -5.5],
					"cubes": [
						{
							"origin": [-7.5, 17, 3.5],
							"size": [2, 2, 2],
							"uv": {
								"north": {"uv": [33, 28], "uv_size": [2, 2]},
								"east": {"uv": [33, 30], "uv_size": [2, 2]},
								"south": {"uv": [33, 32], "uv_size": [2, 2]},
								"west": {"uv": [34, 0], "uv_size": [2, 2]},
								"up": {"uv": [34, 2], "uv_size": [2, 2]}
							}
						},
						{
							"origin": [-7, 19, 4],
							"size": [1, 3, 1],
							"uv": {
								"north": {"uv": [34, 17], "uv_size": [1, 3]},
								"east": {"uv": [18, 34], "uv_size": [1, 3]},
								"south": {"uv": [19, 34], "uv_size": [1, 3]},
								"west": {"uv": [20, 34], "uv_size": [1, 3]},
								"up": {"uv": [30, 11], "uv_size": [1, 1]}
							}
						},
						{
							"origin": [-6, 22, 2],
							"size": [0, 5, 5],
							"uv": {
								"east": {"uv": [0, 22], "uv_size": [5, 5]},
								"west": {"uv": [5, 22], "uv_size": [5, 5]}
							}
						},
						{
							"origin": [-7, 22, 7],
							"size": [1, 5, 0],
							"uv": {
								"north": {"uv": [9, 31], "uv_size": [1, 5]},
								"south": {"uv": [32, 25], "uv_size": [1, 5]}
							}
						},
						{
							"origin": [-7, 22, 2],
							"size": [1, 5, 0],
							"uv": {
								"north": {"uv": [32, 30], "uv_size": [1, 5]},
								"south": {"uv": [10, 33], "uv_size": [1, 5]}
							}
						},
						{
							"origin": [-7, 22, 5],
							"size": [1, 0, 2],
							"uv": {
								"up": {"uv": [24, 34], "uv_size": [1, 2]},
								"down": {"uv": [25, 36], "uv_size": [1, -2]}
							}
						},
						{
							"origin": [-7, 22, 2],
							"size": [1, 0, 2],
							"uv": {
								"up": {"uv": [26, 34], "uv_size": [1, 2]},
								"down": {"uv": [27, 36], "uv_size": [1, -2]}
							}
						},
						{
							"origin": [-7, 27, 2],
							"size": [1, 0, 5],
							"uv": {
								"up": {"uv": [11, 33], "uv_size": [1, 5]},
								"down": {"uv": [12, 38], "uv_size": [1, -5]}
							}
						}
					]
				},
				{
					"name": "spatula",
					"parent": "chef_backpack",
					"pivot": [6.21299, 22.69291, 4.5],
					"cubes": [
						{
							"origin": [5.5, 17, 3.5],
							"size": [2, 2, 2],
							"uv": {
								"north": {"uv": [6, 34], "uv_size": [2, 2]},
								"east": {"uv": [34, 6], "uv_size": [2, 2]},
								"south": {"uv": [34, 11], "uv_size": [2, 2]},
								"west": {"uv": [34, 13], "uv_size": [2, 2]},
								"up": {"uv": [15, 34], "uv_size": [2, 2]}
							}
						},
						{
							"origin": [6.5, 19, 4],
							"size": [0, 4, 1],
							"uv": {
								"east": {"uv": [8, 34], "uv_size": [1, 4]},
								"west": {"uv": [17, 34], "uv_size": [1, 4]}
							}
						},
						{
							"origin": [6.59567, 22.86679, 3],
							"size": [0, 3, 3],
							"pivot": [6.21299, 22.69291, 4.5],
							"rotation": [0, 0, -22.5],
							"uv": {
								"east": {"uv": [6, 31], "uv_size": [3, 3]},
								"west": {"uv": [31, 6], "uv_size": [3, 3]}
							}
						}
					]
				},
				{
					"name": "bottle",
					"parent": "chef_backpack",
					"pivot": [-2, 13, 7],
					"cubes": [
						{
							"origin": [-3.5, 19, 7.5],
							"size": [1, 2, 1],
							"uv": {
								"north": {"uv": [34, 20], "uv_size": [1, 2]},
								"east": {"uv": [21, 34], "uv_size": [1, 2]},
								"south": {"uv": [22, 34], "uv_size": [1, 2]},
								"west": {"uv": [23, 34], "uv_size": [1, 2]},
								"up": {"uv": [28, 11], "uv_size": [1, 1]}
							}
						},
						{
							"origin": [-4, 14, 7],
							"size": [2, 5, 2],
							"uv": {
								"east": {"uv": [0, 31], "uv_size": [2, 5]},
								"south": {"uv": [2, 31], "uv_size": [2, 5]},
								"up": {"uv": [32, 20], "uv_size": [2, 2]},
								"down": {"uv": [33, 11], "uv_size": [2, -2]}
							}
						}
					]
				},
				{
					"name": "strap",
					"parent": "chef_backpack",
					"pivot": [-2, 13, 7.25],
					"cubes": [
						{
							"origin": [-4.25, 15, 9.25],
							"size": [2.25, 2, 0],
							"uv": {
								"north": {"uv": [13, 33], "uv_size": [2, 2]},
								"south": {"uv": [33, 22], "uv_size": [2, 2]}
							}
						},
						{
							"origin": [-4.25, 15, 7],
							"size": [0, 2, 2.25],
							"uv": {
								"east": {"uv": [33, 24], "uv_size": [2, 2]},
								"west": {"uv": [33, 26], "uv_size": [2, 2]}
							}
						}
					]
				},
				{
					"name": "backpack",
					"parent": "chef_backpack",
					"pivot": [5, 24, 2],
					"cubes": [
						{
							"origin": [5, 13, 2],
							"size": [3, 4, 5],
							"uv": {
								"north": {"uv": [16, 30], "uv_size": [3, 4]},
								"south": {"uv": [19, 30], "uv_size": [3, 4]},
								"west": {"uv": [24, 26], "uv_size": [5, 4]},
								"up": {"uv": [28, 6], "uv_size": [3, 5]},
								"down": {"uv": [10, 33], "uv_size": [3, -5]}
							}
						},
						{
							"origin": [-5, 13, 2],
							"size": [10, 11, 5],
							"uv": {
								"north": {"uv": [0, 0], "uv_size": [10, 11]},
								"east": {"uv": [0, 11], "uv_size": [5, 11]},
								"south": {"uv": [10, 0], "uv_size": [10, 11]},
								"west": {"uv": [5, 11], "uv_size": [5, 11]},
								"up": {"uv": [10, 11], "uv_size": [10, 5]},
								"down": {"uv": [10, 21], "uv_size": [10, -5]}
							}
						},
						{
							"origin": [-8, 13, 2],
							"size": [3, 4, 5],
							"uv": {
								"north": {"uv": [22, 30], "uv_size": [3, 4]},
								"east": {"uv": [0, 27], "uv_size": [5, 4]},
								"south": {"uv": [25, 30], "uv_size": [3, 4]},
								"up": {"uv": [13, 28], "uv_size": [3, 5]},
								"down": {"uv": [29, 31], "uv_size": [3, -5]}
							}
						},
						{
							"origin": [-4, 24, 2],
							"size": [8, 3, 6],
							"pivot": [5, 24, 2],
							"rotation": [-22.5, 0, 0],
							"uv": {
								"north": {"uv": [26, 12], "uv_size": [8, 3]},
								"east": {"uv": [28, 0], "uv_size": [6, 3]},
								"south": {"uv": [26, 15], "uv_size": [8, 3]},
								"west": {"uv": [28, 3], "uv_size": [6, 3]},
								"up": {"uv": [20, 0], "uv_size": [8, 6]},
								"down": {"uv": [20, 12], "uv_size": [8, -6]}
							}
						},
						{
							"origin": [-1, 23, 7],
							"size": [2, 3, 2],
							"pivot": [5, 24, 2],
							"rotation": [-22.5, 0, 0],
							"uv": {
								"east": {"uv": [31, 22], "uv_size": [2, 3]},
								"south": {"uv": [28, 31], "uv_size": [2, 3]},
								"west": {"uv": [30, 31], "uv_size": [2, 3]},
								"up": {"uv": [16, 28], "uv_size": [2, 2]},
								"down": {"uv": [32, 20], "uv_size": [2, -2]}
							}
						}
					]
				}
			]
		}
	]
}