{
	"format_version": "1.12.0",
	"minecraft:geometry": [
		{
			"description": {
				"identifier": "geometry.farmer_backpack",
				"texture_width": 64,
				"texture_height": 64,
				"visible_bounds_width": 3,
				"visible_bounds_height": 3.5,
				"visible_bounds_offset": [0, 1.25, 0]
			},
			"bones": [
				{
					"name": "farmer_backpack",
					"pivot": [0, 13, 6]
				},
				{
					"name": "shovel",
					"parent": "farmer_backpack",
					"pivot": [-4.5, 17, 3],
					"cubes": [
						{
							"origin": [-7, 21, 3.5],
							"size": [1, 3, 3],
							"uv": {
								"north": {"uv": [42, 20], "uv_size": [1, 3]},
								"east": {"uv": [36, 5], "uv_size": [3, 3]},
								"south": {"uv": [42, 23], "uv_size": [1, 3]},
								"west": {"uv": [36, 8], "uv_size": [3, 3]},
								"up": {"uv": [42, 29], "uv_size": [1, 3]},
								"down": {"uv": [30, 45], "uv_size": [1, -3]}
							}
						},
						{
							"origin": [-7, 19, 4.5],
							"size": [1, 2, 1],
							"uv": {
								"north": {"uv": [31, 42], "uv_size": [1, 2]},
								"east": {"uv": [32, 42], "uv_size": [1, 2]},
								"south": {"uv": [33, 42], "uv_size": [1, 2]},
								"west": {"uv": [34, 42], "uv_size": [1, 2]}
							}
						},
						{
							"origin": [-7.5, 17, 4],
							"size": [2, 2, 2],
							"uv": {
								"north": {"uv": [24, 37], "uv_size": [2, 2]},
								"east": {"uv": [26, 37], "uv_size": [2, 2]},
								"south": {"uv": [28, 37], "uv_size": [2, 2]},
								"west": {"uv": [37, 33], "uv_size": [2, 2]},
								"up": {"uv": [37, 35], "uv_size": [2, 2]}
							}
						}
					]
				},
				{
					"name": "hoe",
					"parent": "farmer_backpack",
					"pivot": [8.5, 17, 3],
					"cubes": [
						{
							"origin": [5.5, 22, 4],
							"size": [2, 1, 5],
							"uv": {
								"north": {"uv": [10, 29], "uv_size": [2, 1]},
								"east": {"uv": [36, 27], "uv_size": [5, 1]},
								"south": {"uv": [42, 32], "uv_size": [2, 1]},
								"west": {"uv": [36, 28], "uv_size": [5, 1]},
								"up": {"uv": [31, 33], "uv_size": [2, 5]},
								"down": {"uv": [33, 38], "uv_size": [2, -5]}
							}
						},
						{
							"origin": [6, 19, 4.5],
							"size": [1, 3, 1],
							"uv": {
								"north": {"uv": [15, 18], "uv_size": [1, 3]},
								"east": {"uv": [9, 31], "uv_size": [1, 3]},
								"south": {"uv": [10, 42], "uv_size": [1, 3]},
								"west": {"uv": [11, 42], "uv_size": [1, 3]}
							}
						},
						{
							"origin": [5.5, 17, 4],
							"size": [2, 2, 2],
							"uv": {
								"north": {"uv": [29, 27], "uv_size": [2, 2]},
								"east": {"uv": [34, 0], "uv_size": [2, 2]},
								"south": {"uv": [34, 2], "uv_size": [2, 2]},
								"west": {"uv": [36, 29], "uv_size": [2, 2]},
								"up": {"uv": [36, 31], "uv_size": [2, 2]}
							}
						}
					]
				},
				{
					"name": "strap",
					"parent": "farmer_backpack",
					"pivot": [-8.5, 17.5, 0.75],
					"cubes": [
						{
							"origin": [-3, 20.96717, 8.34238],
							"size": [2, 2, 0],
							"pivot": [0, 23.96717, 4.69238],
							"rotation": [-22.5, 0, 0],
							"uv": {
								"north": {"uv": [38, 11], "uv_size": [2, 2]},
								"south": {"uv": [38, 13], "uv_size": [2, 2]}
							}
						},
						{
							"origin": [1, 20.96717, 8.34238],
							"size": [2, 2, 0],
							"pivot": [0, 23.96717, 4.69238],
							"rotation": [-22.5, 0, 0],
							"uv": {
								"north": {"uv": [38, 0], "uv_size": [2, 2]},
								"south": {"uv": [38, 2], "uv_size": [2, 2]}
							}
						},
						{
							"origin": [5, 17.5, 6.25],
							"size": [2.75, 1, 0],
							"uv": {
								"north": {"uv": [12, 26], "uv_size": [3, 1]},
								"south": {"uv": [41, 28], "uv_size": [3, 1]}
							}
						},
						{
							"origin": [7.75, 17.5, 3.75],
							"size": [0, 1, 2.5],
							"uv": {
								"east": {"uv": [42, 12], "uv_size": [3, 1]},
								"west": {"uv": [42, 13], "uv_size": [3, 1]}
							}
						},
						{
							"origin": [5, 17.5, 3.75],
							"size": [2.75, 1, 0],
							"uv": {
								"north": {"uv": [42, 10], "uv_size": [3, 1]},
								"south": {"uv": [42, 11], "uv_size": [3, 1]}
							}
						},
						{
							"origin": [-7.75, 17.5, 6.25],
							"size": [2.75, 1, 0],
							"uv": {
								"north": {"uv": [42, 16], "uv_size": [3, 1]},
								"south": {"uv": [42, 17], "uv_size": [3, 1]}
							}
						},
						{
							"origin": [-7.75, 17.5, 3.75],
							"size": [0, 1, 2.5],
							"uv": {
								"east": {"uv": [42, 14], "uv_size": [3, 1]},
								"west": {"uv": [42, 15], "uv_size": [3, 1]}
							}
						},
						{
							"origin": [-7.75, 17.5, 3.75],
							"size": [2.75, 1, 0],
							"uv": {
								"north": {"uv": [42, 18], "uv_size": [3, 1]},
								"south": {"uv": [42, 19], "uv_size": [3, 1]}
							}
						}
					]
				},
				{
					"name": "corn_stalk2",
					"parent": "farmer_backpack",
					"pivot": [-4.92025, 26.4019, 5],
					"cubes": [
						{
							"origin": [-8.53276, 25.52092, 3.5],
							"size": [0, 2, 2],
							"pivot": [-8.53276, 27.52092, 4.5],
							"rotation": [0, 0, -22.5],
							"uv": {
								"east": {"uv": [38, 15], "uv_size": [2, 2]},
								"west": {"uv": [38, 17], "uv_size": [2, 2]}
							}
						},
						{
							"origin": [-9.53276, 23.12092, 3.5],
							"size": [0, 2, 2],
							"pivot": [-9.53276, 25.12092, 4.5],
							"rotation": [0, 0, -22.5],
							"uv": {
								"east": {"uv": [38, 19], "uv_size": [2, 2]},
								"west": {"uv": [38, 21], "uv_size": [2, 2]}
							}
						},
						{
							"origin": [-13.53145, 25.52038, 3.5],
							"size": [2, 0, 2],
							"pivot": [-11.53145, 25.52038, 4.5],
							"rotation": [0, 0, -22.5],
							"uv": {
								"up": {"uv": [38, 23], "uv_size": [2, 2]},
								"down": {"uv": [38, 27], "uv_size": [2, -2]}
							}
						},
						{
							"origin": [-12.37959, 28.28667, 3.5],
							"size": [2, 0, 2],
							"pivot": [-10.37959, 28.28667, 4.5],
							"rotation": [0, 0, -22.5],
							"uv": {
								"up": {"uv": [38, 29], "uv_size": [2, 2]},
								"down": {"uv": [30, 40], "uv_size": [2, -2]}
							}
						},
						{
							"origin": [-11.53183, 23.2713, 3.5],
							"size": [2, 2, 0],
							"pivot": [-10.53183, 25.2713, 3.5],
							"rotation": [-45, 0, 0],
							"uv": {
								"north": {"uv": [38, 31], "uv_size": [2, 2]},
								"south": {"uv": [32, 38], "uv_size": [2, 2]}
							}
						},
						{
							"origin": [-11.53183, 23.2713, 5.5],
							"size": [2, 2, 0],
							"pivot": [-10.53183, 25.2713, 5.5],
							"rotation": [45, 0, 0],
							"uv": {
								"north": {"uv": [34, 38], "uv_size": [2, 2]},
								"south": {"uv": [39, 4], "uv_size": [2, 2]}
							}
						},
						{
							"origin": [-10.63183, 25.5213, 5.5],
							"size": [2, 2, 0],
							"pivot": [-9.63183, 27.5213, 5.5],
							"rotation": [45, 0, 0],
							"uv": {
								"north": {"uv": [39, 6], "uv_size": [2, 2]},
								"south": {"uv": [39, 8], "uv_size": [2, 2]}
							}
						},
						{
							"origin": [-10.63183, 25.5213, 3.5],
							"size": [2, 2, 0],
							"pivot": [-9.63183, 27.5213, 3.5],
							"rotation": [-45, 0, 0],
							"uv": {
								"north": {"uv": [13, 39], "uv_size": [2, 2]},
								"south": {"uv": [15, 39], "uv_size": [2, 2]}
							}
						},
						{
							"origin": [-6.06801, 28.66798, 3.99929],
							"size": [0, 2, 2],
							"pivot": [-6.06801, 28.66798, 4.99929],
							"rotation": [0, 0, -22.5],
							"uv": {
								"east": {"uv": [28, 39], "uv_size": [2, 2]},
								"west": {"uv": [39, 33], "uv_size": [2, 2]}
							}
						},
						{
							"origin": [-6.76801, 27.16727, 4],
							"size": [0, 2, 2],
							"pivot": [-6.76801, 27.16727, 5],
							"rotation": [0, 0, -22.5],
							"uv": {
								"east": {"uv": [39, 35], "uv_size": [2, 2]},
								"west": {"uv": [36, 39], "uv_size": [2, 2]}
							}
						},
						{
							"origin": [-5.81801, 29.16727, 2],
							"size": [2, 0, 2],
							"pivot": [-4.81801, 29.16727, 4],
							"rotation": [-45, 0, 0],
							"uv": {
								"up": {"uv": [39, 37], "uv_size": [2, 2]},
								"down": {"uv": [38, 41], "uv_size": [2, -2]}
							}
						},
						{
							"origin": [-6.06801, 28.66727, 6],
							"size": [2, 0, 2],
							"pivot": [-5.06801, 28.66727, 6],
							"rotation": [45, 0, 0],
							"uv": {
								"up": {"uv": [0, 40], "uv_size": [2, 2]},
								"down": {"uv": [40, 2], "uv_size": [2, -2]}
							}
						},
						{
							"origin": [-6.61801, 27.16727, 6],
							"size": [2, 0, 2],
							"pivot": [-5.61801, 27.16727, 6],
							"rotation": [45, 0, 0],
							"uv": {
								"up": {"uv": [2, 40], "uv_size": [2, 2]},
								"down": {"uv": [40, 4], "uv_size": [2, -2]}
							}
						},
						{
							"origin": [-6.61801, 27.16727, 2],
							"size": [2, 0, 2],
							"pivot": [-5.61801, 27.16727, 4],
							"rotation": [-45, 0, 0],
							"uv": {
								"up": {"uv": [4, 40], "uv_size": [2, 2]},
								"down": {"uv": [6, 42], "uv_size": [2, -2]}
							}
						},
						{
							"origin": [-5.02107, 26, 4],
							"size": [2, 5, 2],
							"pivot": [-2.96041, 30.97487, 5],
							"rotation": [0, 0, 22.5],
							"uv": {
								"north": {"uv": [34, 8], "uv_size": [2, 5]},
								"east": {"uv": [13, 34], "uv_size": [2, 5]},
								"south": {"uv": [34, 13], "uv_size": [2, 5]},
								"west": {"uv": [15, 34], "uv_size": [2, 5]},
								"up": {"uv": [8, 40], "uv_size": [2, 2]},
								"down": {"uv": [10, 42], "uv_size": [2, -2]}
							}
						},
						{
							"origin": [-10.54607, 22.5, 3.5],
							"size": [2, 5, 2],
							"pivot": [-8.48541, 27.47487, 4.5],
							"rotation": [0, 0, 22.5],
							"uv": {
								"north": {"uv": [17, 34], "uv_size": [2, 5]},
								"east": {"uv": [34, 18], "uv_size": [2, 5]},
								"south": {"uv": [34, 23], "uv_size": [2, 5]},
								"west": {"uv": [34, 28], "uv_size": [2, 5]},
								"up": {"uv": [40, 10], "uv_size": [2, 2]},
								"down": {"uv": [40, 14], "uv_size": [2, -2]}
							}
						},
						{
							"origin": [-4.58579, 30.58579, 2],
							"size": [0, 4, 3],
							"pivot": [-4.58579, 23.58579, 7],
							"rotation": [0, 0, -45],
							"uv": {
								"east": {"uv": [31, 21], "uv_size": [3, 4]},
								"west": {"uv": [58, 26], "uv_size": [3, 4]}
							}
						},
						{
							"origin": [-4.58579, 30.58579, 5],
							"size": [3, 4, 0],
							"pivot": [-4.58579, 23.58579, 7],
							"rotation": [0, 0, -45],
							"uv": {
								"north": {"uv": [31, 29], "uv_size": [3, 4]},
								"south": {"uv": [60, 5], "uv_size": [3, 4]}
							}
						},
						{
							"origin": [-6, 22, 5],
							"size": [1, 8, 0],
							"pivot": [-6, 25, 7],
							"rotation": [0, 0, -45],
							"uv": {
								"north": {"uv": [12, 35], "uv_size": [1, 8]},
								"south": {"uv": [36, 11], "uv_size": [1, 8]}
							}
						},
						{
							"origin": [-6, 23, 4],
							"size": [0, 7, 1],
							"pivot": [-6, 25, 7],
							"rotation": [0, 0, -45],
							"uv": {
								"east": {"uv": [19, 37], "uv_size": [1, 7]},
								"west": {"uv": [37, 19], "uv_size": [1, 7]}
							}
						},
						{
							"origin": [-4.06801, 28.66727, 4],
							"size": [2, 0, 2],
							"pivot": [-4.06801, 28.66727, 5],
							"rotation": [0, 0, -22.5],
							"uv": {
								"up": {"uv": [24, 39], "uv_size": [2, 2]},
								"down": {"uv": [26, 41], "uv_size": [2, -2]}
							}
						},
						{
							"origin": [-4.92025, 26.4019, 4],
							"size": [2, 0, 2],
							"pivot": [-4.92025, 26.4019, 5],
							"rotation": [0, 0, -22.5],
							"uv": {
								"up": {"uv": [17, 39], "uv_size": [2, 2]},
								"down": {"uv": [22, 41], "uv_size": [2, -2]}
							}
						}
					]
				},
				{
					"name": "corn_stalk",
					"parent": "farmer_backpack",
					"pivot": [4.06801, 28.66727, 5],
					"cubes": [
						{
							"origin": [6, 23, 4],
							"size": [0, 7, 1],
							"pivot": [6, 25, 7],
							"rotation": [0, 0, 45],
							"uv": {
								"east": {"uv": [20, 37], "uv_size": [1, 7]},
								"west": {"uv": [21, 37], "uv_size": [1, 7]}
							}
						},
						{
							"origin": [5, 22, 5],
							"size": [1, 8, 0],
							"pivot": [6, 25, 7],
							"rotation": [0, 0, 45],
							"uv": {
								"north": {"uv": [36, 19], "uv_size": [1, 8]},
								"south": {"uv": [37, 11], "uv_size": [1, 8]}
							}
						},
						{
							"origin": [1.58579, 30.58579, 5],
							"size": [3, 4, 0],
							"pivot": [4.58579, 23.58579, 7],
							"rotation": [0, 0, 45],
							"uv": {
								"north": {"uv": [25, 33], "uv_size": [3, 4]},
								"south": {"uv": [55, 34], "uv_size": [3, 4]}
							}
						},
						{
							"origin": [4.58579, 30.58579, 2],
							"size": [0, 4, 3],
							"pivot": [4.58579, 23.58579, 7],
							"rotation": [0, 0, 45],
							"uv": {
								"east": {"uv": [46, 34], "uv_size": [3, 4]},
								"west": {"uv": [22, 33], "uv_size": [3, 4]}
							}
						},
						{
							"origin": [8.54607, 22.5, 3.5],
							"size": [2, 5, 2],
							"pivot": [8.48541, 27.47487, 4.5],
							"rotation": [0, 0, -22.5],
							"uv": {
								"north": {"uv": [8, 35], "uv_size": [2, 5]},
								"east": {"uv": [10, 35], "uv_size": [2, 5]},
								"south": {"uv": [35, 33], "uv_size": [2, 5]},
								"west": {"uv": [36, 0], "uv_size": [2, 5]},
								"up": {"uv": [6, 42], "uv_size": [2, 2]},
								"down": {"uv": [8, 44], "uv_size": [2, -2]}
							}
						},
						{
							"origin": [3.02107, 26, 4],
							"size": [2, 5, 2],
							"pivot": [2.96041, 30.97487, 5],
							"rotation": [0, 0, -22.5],
							"uv": {
								"north": {"uv": [0, 35], "uv_size": [2, 5]},
								"east": {"uv": [2, 35], "uv_size": [2, 5]},
								"south": {"uv": [4, 35], "uv_size": [2, 5]},
								"west": {"uv": [6, 35], "uv_size": [2, 5]},
								"up": {"uv": [42, 2], "uv_size": [2, 2]},
								"down": {"uv": [4, 44], "uv_size": [2, -2]}
							}
						},
						{
							"origin": [4.61801, 27.16727, 2],
							"size": [2, 0, 2],
							"pivot": [5.61801, 27.16727, 4],
							"rotation": [-45, 0, 0],
							"uv": {
								"up": {"uv": [42, 0], "uv_size": [2, 2]},
								"down": {"uv": [2, 44], "uv_size": [2, -2]}
							}
						},
						{
							"origin": [4.61801, 27.16727, 6],
							"size": [2, 0, 2],
							"pivot": [5.61801, 27.16727, 6],
							"rotation": [45, 0, 0],
							"uv": {
								"up": {"uv": [40, 41], "uv_size": [2, 2]},
								"down": {"uv": [0, 44], "uv_size": [2, -2]}
							}
						},
						{
							"origin": [4.06801, 28.66727, 6],
							"size": [2, 0, 2],
							"pivot": [5.06801, 28.66727, 6],
							"rotation": [45, 0, 0],
							"uv": {
								"up": {"uv": [41, 37], "uv_size": [2, 2]},
								"down": {"uv": [38, 43], "uv_size": [2, -2]}
							}
						},
						{
							"origin": [3.81801, 29.16727, 2],
							"size": [2, 0, 2],
							"pivot": [4.81801, 29.16727, 4],
							"rotation": [-45, 0, 0],
							"uv": {
								"up": {"uv": [41, 35], "uv_size": [2, 2]},
								"down": {"uv": [36, 43], "uv_size": [2, -2]}
							}
						},
						{
							"origin": [6.76801, 27.16727, 4],
							"size": [0, 2, 2],
							"pivot": [6.76801, 27.16727, 5],
							"rotation": [0, 0, 22.5],
							"uv": {
								"east": {"uv": [28, 41], "uv_size": [2, 2]},
								"west": {"uv": [41, 33], "uv_size": [2, 2]}
							}
						},
						{
							"origin": [6.06801, 28.66798, 3.99929],
							"size": [0, 2, 2],
							"pivot": [6.06801, 28.66798, 4.99929],
							"rotation": [0, 0, 22.5],
							"uv": {
								"east": {"uv": [26, 41], "uv_size": [2, 2]},
								"west": {"uv": [41, 26], "uv_size": [2, 2]}
							}
						},
						{
							"origin": [2.92025, 26.4019, 4],
							"size": [2, 0, 2],
							"pivot": [4.92025, 26.4019, 5],
							"rotation": [0, 0, 22.5],
							"uv": {
								"up": {"uv": [15, 41], "uv_size": [2, 2]},
								"down": {"uv": [17, 43], "uv_size": [2, -2]}
							}
						},
						{
							"origin": [8.63183, 25.5213, 3.5],
							"size": [2, 2, 0],
							"pivot": [9.63183, 27.5213, 3.5],
							"rotation": [-45, 0, 0],
							"uv": {
								"north": {"uv": [41, 8], "uv_size": [2, 2]},
								"south": {"uv": [13, 41], "uv_size": [2, 2]}
							}
						},
						{
							"origin": [8.63183, 25.5213, 5.5],
							"size": [2, 2, 0],
							"pivot": [9.63183, 27.5213, 5.5],
							"rotation": [45, 0, 0],
							"uv": {
								"north": {"uv": [41, 4], "uv_size": [2, 2]},
								"south": {"uv": [41, 6], "uv_size": [2, 2]}
							}
						},
						{
							"origin": [9.53183, 23.2713, 5.5],
							"size": [2, 2, 0],
							"pivot": [10.53183, 25.2713, 5.5],
							"rotation": [45, 0, 0],
							"uv": {
								"north": {"uv": [34, 40], "uv_size": [2, 2]},
								"south": {"uv": [40, 39], "uv_size": [2, 2]}
							}
						},
						{
							"origin": [10.37959, 28.28667, 3.5],
							"size": [2, 0, 2],
							"pivot": [10.37959, 28.28667, 4.5],
							"rotation": [0, 0, 22.5],
							"uv": {
								"up": {"uv": [40, 29], "uv_size": [2, 2]},
								"down": {"uv": [30, 42], "uv_size": [2, -2]}
							}
						},
						{
							"origin": [11.53145, 25.52038, 3.5],
							"size": [2, 0, 2],
							"pivot": [11.53145, 25.52038, 4.5],
							"rotation": [0, 0, 22.5],
							"uv": {
								"up": {"uv": [40, 22], "uv_size": [2, 2]},
								"down": {"uv": [40, 26], "uv_size": [2, -2]}
							}
						},
						{
							"origin": [8.53276, 25.52092, 3.5],
							"size": [0, 2, 2],
							"pivot": [8.53276, 27.52092, 4.5],
							"rotation": [0, 0, 22.5],
							"uv": {
								"east": {"uv": [40, 14], "uv_size": [2, 2]},
								"west": {"uv": [40, 16], "uv_size": [2, 2]}
							}
						},
						{
							"origin": [2.06801, 28.66727, 4],
							"size": [2, 0, 2],
							"pivot": [4.06801, 28.66727, 5],
							"rotation": [0, 0, 22.5],
							"uv": {
								"up": {"uv": [22, 41], "uv_size": [2, 2]},
								"down": {"uv": [24, 43], "uv_size": [2, -2]}
							}
						},
						{
							"origin": [9.53276, 23.12092, 3.5],
							"size": [0, 2, 2],
							"pivot": [9.53276, 25.12092, 4.5],
							"rotation": [0, 0, 22.5],
							"uv": {
								"east": {"uv": [40, 18], "uv_size": [2, 2]},
								"west": {"uv": [40, 20], "uv_size": [2, 2]}
							}
						},
						{
							"origin": [9.53183, 23.2713, 3.5],
							"size": [2, 2, 0],
							"pivot": [10.53183, 25.2713, 3.5],
							"rotation": [-45, 0, 0],
							"uv": {
								"north": {"uv": [40, 31], "uv_size": [2, 2]},
								"south": {"uv": [32, 40], "uv_size": [2, 2]}
							}
						}
					]
				},
				{
					"name": "backpack",
					"parent": "farmer_backpack",
					"pivot": [5, 13, 7],
					"cubes": [
						{
							"origin": [-5, 13, 2],
							"size": [10, 11, 5],
							"uv": {
								"north": {"uv": [0, 0], "uv_size": [10, 11]},
								"east": {"uv": [16, 11], "uv_size": [5, 11]},
								"south": {"uv": [10, 0], "uv_size": [10, 11]},
								"west": {"uv": [0, 18], "uv_size": [5, 11]},
								"up": {"uv": [5, 18], "uv_size": [10, 5]},
								"down": {"uv": [20, 5], "uv_size": [10, -5]}
							}
						},
						{
							"origin": [-4, 22.96717, 2.19238],
							"size": [8, 3, 7],
							"pivot": [0, 23.96717, 4.69238],
							"rotation": [-22.5, 0, 0],
							"uv": {
								"north": {"uv": [15, 24], "uv_size": [8, 3]},
								"east": {"uv": [5, 26], "uv_size": [7, 3]},
								"south": {"uv": [23, 24], "uv_size": [8, 3]},
								"west": {"uv": [12, 27], "uv_size": [7, 3]},
								"up": {"uv": [0, 11], "uv_size": [8, 7]},
								"down": {"uv": [8, 18], "uv_size": [8, -7]}
							}
						},
						{
							"origin": [-5, 13, 7],
							"size": [10, 5, 3],
							"uv": {
								"east": {"uv": [30, 4], "uv_size": [3, 5]},
								"south": {"uv": [21, 10], "uv_size": [10, 5]},
								"west": {"uv": [10, 30], "uv_size": [3, 5]},
								"down": {"uv": [21, 21], "uv_size": [10, -3]}
							}
						},
						{
							"origin": [5, 13, 3],
							"size": [3, 4, 4],
							"uv": {
								"north": {"uv": [13, 30], "uv_size": [3, 4]},
								"south": {"uv": [16, 30], "uv_size": [3, 4]},
								"west": {"uv": [23, 29], "uv_size": [4, 4]},
								"up": {"uv": [0, 31], "uv_size": [3, 4]},
								"down": {"uv": [3, 35], "uv_size": [3, -4]}
							}
						},
						{
							"origin": [-8, 13, 3],
							"size": [3, 4, 4],
							"uv": {
								"north": {"uv": [6, 31], "uv_size": [3, 4]},
								"east": {"uv": [27, 29], "uv_size": [4, 4]},
								"south": {"uv": [31, 9], "uv_size": [3, 4]},
								"up": {"uv": [31, 13], "uv_size": [3, 4]},
								"down": {"uv": [31, 21], "uv_size": [3, -4]}
							}
						},
						{
							"origin": [-5.25, 15.75, 7],
							"size": [10.5, 2.5, 3.25],
							"uv": {
								"north": {"uv": [19, 27], "uv_size": [10, 2]},
								"east": {"uv": [15, 22], "uv_size": [3, 2]},
								"south": {"uv": [0, 29], "uv_size": [10, 2]},
								"west": {"uv": [18, 22], "uv_size": [3, 2]},
								"up": {"uv": [21, 21], "uv_size": [10, 3]},
								"down": {"uv": [5, 26], "uv_size": [10, -3]}
							}
						}
					]
				}
			]
		}
	]
}