{
	"format_version": "1.12.0",
	"minecraft:geometry": [
		{
			"description": {
				"identifier": "geometry.fisherman_backpack",
				"texture_width": 64,
				"texture_height": 64,
				"visible_bounds_width": 3,
				"visible_bounds_height": 3.5,
				"visible_bounds_offset": [0, 1.25, 0]
			},
			"bones": [
				{
					"name": "fisherman_backpack",
					"pivot": [0, 13, 6]
				},
				{
					"name": "fishing_rod",
					"parent": "fisherman_backpack",
					"pivot": [16, 24, 4],
					"cubes": [
						{
							"origin": [5.5, 16, 3.5],
							"size": [2, 2, 2],
							"uv": {
								"north": {"uv": [37, 4], "uv_size": [2, 2]},
								"east": {"uv": [37, 6], "uv_size": [2, 2]},
								"south": {"uv": [7, 37], "uv_size": [2, 2]},
								"west": {"uv": [37, 8], "uv_size": [2, 2]},
								"up": {"uv": [19, 37], "uv_size": [2, 2]}
							}
						},
						{
							"origin": [6, 16.75, 5.16421],
							"size": [1, 2, 2],
							"pivot": [6.5, 17.75, 6.16421],
							"rotation": [-45, 0, 0],
							"uv": {
								"north": {"uv": [0, 39], "uv_size": [1, 2]},
								"east": {"uv": [23, 37], "uv_size": [2, 2]},
								"south": {"uv": [39, 0], "uv_size": [1, 2]},
								"west": {"uv": [26, 37], "uv_size": [2, 2]},
								"up": {"uv": [1, 39], "uv_size": [1, 2]},
								"down": {"uv": [39, 6], "uv_size": [1, -2]}
							}
						},
						{
							"origin": [6.5, 18, 5],
							"size": [0, 8, 3],
							"uv": {
								"east": {"uv": [5, 26], "uv_size": [3, 8]},
								"west": {"uv": [8, 26], "uv_size": [3, 8]}
							}
						},
						{
							"origin": [6, 18, 4],
							"size": [1, 6, 1],
							"uv": {
								"north": {"uv": [13, 35], "uv_size": [1, 6]},
								"east": {"uv": [14, 35], "uv_size": [1, 6]},
								"south": {"uv": [35, 18], "uv_size": [1, 6]},
								"west": {"uv": [25, 35], "uv_size": [1, 6]}
							}
						},
						{
							"origin": [6, 24, 4],
							"size": [1, 3, 1],
							"pivot": [16, 24, 4],
							"rotation": [-45, 0, 0],
							"uv": {
								"north": {"uv": [10, 38], "uv_size": [1, 3]},
								"east": {"uv": [11, 38], "uv_size": [1, 3]},
								"south": {"uv": [12, 38], "uv_size": [1, 3]},
								"west": {"uv": [38, 12], "uv_size": [1, 3]},
								"up": {"uv": [34, 39], "uv_size": [1, 1]}
							}
						}
					]
				},
				{
					"name": "fishing_net",
					"parent": "fisherman_backpack",
					"pivot": [-18, 18, 3],
					"cubes": [
						{
							"origin": [-7.5, 16, 3.5],
							"size": [2, 2, 2],
							"uv": {
								"north": {"uv": [29, 36], "uv_size": [2, 2]},
								"east": {"uv": [31, 36], "uv_size": [2, 2]},
								"south": {"uv": [33, 36], "uv_size": [2, 2]},
								"west": {"uv": [36, 33], "uv_size": [2, 2]},
								"up": {"uv": [36, 35], "uv_size": [2, 2]}
							}
						},
						{
							"origin": [-7, 18, 4],
							"size": [1, 4, 1],
							"uv": {
								"north": {"uv": [15, 18], "uv_size": [1, 4]},
								"east": {"uv": [37, 0], "uv_size": [1, 4]},
								"south": {"uv": [2, 37], "uv_size": [1, 4]},
								"west": {"uv": [3, 37], "uv_size": [1, 4]}
							}
						},
						{
							"origin": [-7, 22, 2],
							"size": [1, 1, 5],
							"uv": {
								"north": {"uv": [10, 34], "uv_size": [1, 1]},
								"east": {"uv": [35, 26], "uv_size": [5, 1]},
								"south": {"uv": [39, 24], "uv_size": [1, 1]},
								"west": {"uv": [35, 32], "uv_size": [5, 1]},
								"up": {"uv": [4, 29], "uv_size": [1, 5]},
								"down": {"uv": [35, 38], "uv_size": [1, -5]}
							}
						},
						{
							"origin": [-7, 23, 6],
							"size": [1, 3, 1],
							"uv": {
								"north": {"uv": [9, 37], "uv_size": [1, 3]},
								"east": {"uv": [28, 37], "uv_size": [1, 3]},
								"south": {"uv": [36, 37], "uv_size": [1, 3]},
								"west": {"uv": [37, 37], "uv_size": [1, 3]}
							}
						},
						{
							"origin": [-7, 23, 2],
							"size": [1, 3, 1],
							"uv": {
								"north": {"uv": [38, 0], "uv_size": [1, 3]},
								"east": {"uv": [4, 38], "uv_size": [1, 3]},
								"south": {"uv": [5, 38], "uv_size": [1, 3]},
								"west": {"uv": [6, 38], "uv_size": [1, 3]}
							}
						},
						{
							"origin": [-7, 26, 2],
							"size": [1, 1, 5],
							"uv": {
								"north": {"uv": [39, 25], "uv_size": [1, 1]},
								"east": {"uv": [36, 18], "uv_size": [5, 1]},
								"south": {"uv": [26, 39], "uv_size": [1, 1]},
								"west": {"uv": [36, 19], "uv_size": [5, 1]},
								"up": {"uv": [15, 36], "uv_size": [1, 5]},
								"down": {"uv": [16, 41], "uv_size": [1, -5]}
							}
						},
						{
							"origin": [-11, 22.25, 6.5],
							"size": [4, 4.5, 0],
							"uv": {
								"north": {"uv": [25, 27], "uv_size": [4, 5]},
								"south": {"uv": [0, 29], "uv_size": [4, 5]}
							}
						},
						{
							"origin": [-11, 22.25, 2.5],
							"size": [4, 4.5, 0],
							"uv": {
								"north": {"uv": [30, 5], "uv_size": [4, 5]},
								"south": {"uv": [11, 30], "uv_size": [4, 5]}
							}
						},
						{
							"origin": [-11, 26.75, 2.5],
							"size": [4, 0, 4],
							"uv": {
								"up": {"uv": [31, 12], "uv_size": [4, 4]},
								"down": {"uv": [31, 20], "uv_size": [4, -4]}
							}
						},
						{
							"origin": [-11, 22.25, 2.5],
							"size": [4, 0, 4],
							"uv": {
								"up": {"uv": [31, 20], "uv_size": [4, 4]},
								"down": {"uv": [15, 36], "uv_size": [4, -4]}
							}
						},
						{
							"origin": [-11, 22.25, 2.5],
							"size": [0, 4.5, 4],
							"uv": {
								"east": {"uv": [29, 27], "uv_size": [4, 5]},
								"west": {"uv": [30, 0], "uv_size": [4, 5]}
							}
						}
					]
				},
				{
					"name": "hooks",
					"parent": "fisherman_backpack",
					"pivot": [5, 16, 8.5],
					"cubes": [
						{
							"origin": [-7, 15.5, 8],
							"size": [1, 1, 1],
							"pivot": [-5, 16, 8.5],
							"rotation": [0, 0, -45],
							"uv": {
								"north": {"uv": [7, 40], "uv_size": [1, 1]},
								"east": {"uv": [8, 40], "uv_size": [1, 1]},
								"south": {"uv": [40, 8], "uv_size": [1, 1]},
								"west": {"uv": [9, 40], "uv_size": [1, 1]},
								"up": {"uv": [40, 9], "uv_size": [1, 1]},
								"down": {"uv": [40, 13], "uv_size": [1, -1]}
							}
						},
						{
							"origin": [-8, 16, 8],
							"size": [3, 0, 1],
							"pivot": [-5, 16, 8.5],
							"rotation": [0, 0, -45],
							"uv": {
								"up": {"uv": [38, 3], "uv_size": [3, 1]},
								"down": {"uv": [38, 16], "uv_size": [3, -1]}
							}
						},
						{
							"origin": [-9, 16, 8],
							"size": [1, 0, 3],
							"pivot": [-5, 16, 8.5],
							"rotation": [0, 0, -45],
							"uv": {
								"up": {"uv": [17, 38], "uv_size": [1, 3]},
								"down": {"uv": [18, 41], "uv_size": [1, -3]}
							}
						},
						{
							"origin": [-8, 16, 10],
							"size": [1, 0, 1],
							"pivot": [-5, 16, 8.5],
							"rotation": [0, 0, -45],
							"uv": {
								"up": {"uv": [40, 0], "uv_size": [1, 1]},
								"down": {"uv": [40, 2], "uv_size": [1, -1]}
							}
						},
						{
							"origin": [-3, 13, 10],
							"size": [1, 3, 0],
							"pivot": [0, 16, 10],
							"rotation": [22.5, 0, 0],
							"uv": {
								"north": {"uv": [31, 38], "uv_size": [1, 3]},
								"south": {"uv": [32, 38], "uv_size": [1, 3]}
							}
						},
						{
							"origin": [-5, 13, 10],
							"size": [2, 1, 0],
							"pivot": [-1, 16, 10],
							"rotation": [22.5, 0, 0],
							"uv": {
								"north": {"uv": [7, 39], "uv_size": [2, 1]},
								"south": {"uv": [39, 7], "uv_size": [2, 1]}
							}
						},
						{
							"origin": [2, 13, 10],
							"size": [1, 3, 0],
							"pivot": [0, 16, 10],
							"rotation": [22.5, 0, 0],
							"uv": {
								"north": {"uv": [29, 38], "uv_size": [1, 3]},
								"south": {"uv": [30, 38], "uv_size": [1, 3]}
							}
						},
						{
							"origin": [3, 13, 10],
							"size": [2, 1, 0],
							"pivot": [1, 16, 10],
							"rotation": [22.5, 0, 0],
							"uv": {
								"north": {"uv": [39, 2], "uv_size": [2, 1]},
								"south": {"uv": [39, 6], "uv_size": [2, 1]}
							}
						},
						{
							"origin": [4, 14, 10],
							"size": [1, 1, 0],
							"pivot": [1, 16, 10],
							"rotation": [22.5, 0, 0],
							"uv": {
								"north": {"uv": [40, 13], "uv_size": [1, 1]},
								"south": {"uv": [19, 40], "uv_size": [1, 1]}
							}
						},
						{
							"origin": [-5, 14, 10],
							"size": [1, 1, 0],
							"pivot": [-1, 16, 10],
							"rotation": [22.5, 0, 0],
							"uv": {
								"north": {"uv": [20, 40], "uv_size": [1, 1]},
								"south": {"uv": [21, 40], "uv_size": [1, 1]}
							}
						},
						{
							"origin": [5, 16, 8],
							"size": [3, 0, 1],
							"pivot": [5, 16, 8.5],
							"rotation": [0, 0, 45],
							"uv": {
								"up": {"uv": [11, 26], "uv_size": [3, 1]},
								"down": {"uv": [37, 32], "uv_size": [3, -1]}
							}
						},
						{
							"origin": [6, 15.5, 8],
							"size": [1, 1, 1],
							"pivot": [5, 16, 8.5],
							"rotation": [0, 0, 45],
							"uv": {
								"north": {"uv": [35, 39], "uv_size": [1, 1]},
								"east": {"uv": [39, 35], "uv_size": [1, 1]},
								"south": {"uv": [39, 36], "uv_size": [1, 1]},
								"west": {"uv": [39, 37], "uv_size": [1, 1]},
								"up": {"uv": [39, 38], "uv_size": [1, 1]},
								"down": {"uv": [39, 40], "uv_size": [1, -1]}
							}
						},
						{
							"origin": [8, 16, 8],
							"size": [1, 0, 3],
							"pivot": [5, 16, 8.5],
							"rotation": [0, 0, 45],
							"uv": {
								"up": {"uv": [38, 20], "uv_size": [1, 3]},
								"down": {"uv": [38, 26], "uv_size": [1, -3]}
							}
						},
						{
							"origin": [7, 16, 10],
							"size": [1, 0, 1],
							"pivot": [5, 16, 8.5],
							"rotation": [0, 0, 45],
							"uv": {
								"up": {"uv": [40, 4], "uv_size": [1, 1]},
								"down": {"uv": [40, 6], "uv_size": [1, -1]}
							}
						}
					]
				},
				{
					"name": "fish",
					"parent": "fisherman_backpack",
					"pivot": [-3, 26.00627, 4.99581],
					"cubes": [
						{
							"origin": [-1.5, 25.2409, 7.84357],
							"size": [2, 1, 2],
							"pivot": [-1, 25.2409, 6.84357],
							"rotation": [-22.5, 0, 0],
							"uv": {
								"east": {"uv": [19, 39], "uv_size": [2, 1]},
								"south": {"uv": [39, 20], "uv_size": [2, 1]},
								"west": {"uv": [21, 39], "uv_size": [2, 1]},
								"up": {"uv": [37, 27], "uv_size": [2, 2]}
							}
						},
						{
							"origin": [-1.5, 26.00627, 4.99581],
							"size": [3, 1, 3],
							"pivot": [0, 26.00627, 4.99581],
							"rotation": [-22.5, 0, 0],
							"uv": {
								"north": {"uv": [38, 16], "uv_size": [3, 1]},
								"east": {"uv": [38, 17], "uv_size": [3, 1]},
								"south": {"uv": [33, 38], "uv_size": [3, 1]},
								"west": {"uv": [38, 33], "uv_size": [3, 1]},
								"up": {"uv": [35, 12], "uv_size": [3, 3]}
							}
						},
						{
							"origin": [1.5, 26.50627, 5.99581],
							"size": [1, 0, 2],
							"pivot": [3, 26.00627, 4.99581],
							"rotation": [-22.5, 0, 0],
							"uv": {
								"up": {"uv": [39, 8], "uv_size": [1, 2]},
								"down": {"uv": [39, 14], "uv_size": [1, -2]}
							}
						},
						{
							"origin": [-1, 26.69552, 3.53073],
							"size": [2, 1, 1],
							"pivot": [0.5, 27.69552, 3.53073],
							"rotation": [-22.5, 0, 0],
							"uv": {
								"north": {"uv": [39, 21], "uv_size": [2, 1]},
								"east": {"uv": [40, 26], "uv_size": [1, 1]},
								"south": {"uv": [39, 22], "uv_size": [2, 1]},
								"west": {"uv": [27, 40], "uv_size": [1, 1]},
								"up": {"uv": [23, 39], "uv_size": [2, 1]}
							}
						},
						{
							"origin": [-0.5, 26.31283, 4.45461],
							"size": [1, 1, 1],
							"pivot": [0, 27.31283, 4.45461],
							"rotation": [-22.5, 0, 0],
							"uv": {
								"east": {"uv": [23, 40], "uv_size": [1, 1]},
								"west": {"uv": [40, 24], "uv_size": [1, 1]},
								"up": {"uv": [40, 25], "uv_size": [1, 1]}
							}
						},
						{
							"origin": [-2, 27.61534, 2.41513],
							"size": [4, 0, 2],
							"pivot": [-0.5, 27.61534, 2.41513],
							"rotation": [-22.5, 0, 0],
							"uv": {
								"up": {"uv": [43, 0], "uv_size": [4, 2]},
								"down": {"uv": [43, 6], "uv_size": [4, -2]}
							}
						},
						{
							"origin": [-2.5, 26.50627, 4.99581],
							"size": [1, 0, 3],
							"pivot": [-3, 26.00627, 4.99581],
							"rotation": [-22.5, 0, 0],
							"uv": {
								"up": {"uv": [38, 34], "uv_size": [1, 3]},
								"down": {"uv": [38, 40], "uv_size": [1, -3]}
							}
						}
					]
				},
				{
					"name": "strap",
					"parent": "fisherman_backpack",
					"pivot": [-4, 24.23777, 5.34566],
					"cubes": [
						{
							"origin": [1, 20.73777, 8.49566],
							"size": [2, 2, 0],
							"pivot": [0, 24.23777, 5.34566],
							"rotation": [-22.5, 0, 0],
							"uv": {
								"north": {"uv": [19, 22], "uv_size": [2, 2]},
								"south": {"uv": [17, 36], "uv_size": [2, 2]}
							}
						},
						{
							"origin": [-3, 20.73777, 8.49566],
							"size": [2, 2, 0],
							"pivot": [-4, 24.23777, 5.34566],
							"rotation": [-22.5, 0, 0],
							"uv": {
								"north": {"uv": [36, 20], "uv_size": [2, 2]},
								"south": {"uv": [36, 22], "uv_size": [2, 2]}
							}
						}
					]
				},
				{
					"name": "backpack",
					"parent": "fisherman_backpack",
					"pivot": [0, 24.23777, 5.34566],
					"cubes": [
						{
							"origin": [-5.25, 15.75, 7],
							"size": [10.5, 2.5, 3.25],
							"uv": {
								"north": {"uv": [15, 30], "uv_size": [10, 2]},
								"east": {"uv": [35, 24], "uv_size": [3, 2]},
								"south": {"uv": [31, 10], "uv_size": [10, 2]},
								"west": {"uv": [26, 35], "uv_size": [3, 2]},
								"up": {"uv": [21, 15], "uv_size": [10, 3]},
								"down": {"uv": [21, 21], "uv_size": [10, -3]}
							}
						},
						{
							"origin": [-5, 13, 7],
							"size": [10, 5, 3],
							"uv": {
								"east": {"uv": [19, 32], "uv_size": [3, 5]},
								"south": {"uv": [21, 10], "uv_size": [10, 5]},
								"west": {"uv": [22, 32], "uv_size": [3, 5]},
								"down": {"uv": [5, 26], "uv_size": [10, -3]}
							}
						},
						{
							"origin": [5, 13, 2.5],
							"size": [3, 3, 4],
							"uv": {
								"north": {"uv": [34, 4], "uv_size": [3, 3]},
								"south": {"uv": [7, 34], "uv_size": [3, 3]},
								"west": {"uv": [25, 32], "uv_size": [4, 3]},
								"up": {"uv": [29, 32], "uv_size": [3, 4]},
								"down": {"uv": [32, 36], "uv_size": [3, -4]}
							}
						},
						{
							"origin": [-8, 13, 2.5],
							"size": [3, 3, 4],
							"uv": {
								"north": {"uv": [34, 7], "uv_size": [3, 3]},
								"east": {"uv": [33, 27], "uv_size": [4, 3]},
								"south": {"uv": [10, 35], "uv_size": [3, 3]},
								"up": {"uv": [34, 0], "uv_size": [3, 4]},
								"down": {"uv": [4, 38], "uv_size": [3, -4]}
							}
						},
						{
							"origin": [-5, 13, 2],
							"size": [10, 11, 5],
							"uv": {
								"north": {"uv": [0, 0], "uv_size": [10, 11]},
								"east": {"uv": [16, 11], "uv_size": [5, 11]},
								"south": {"uv": [10, 0], "uv_size": [10, 11]},
								"west": {"uv": [0, 18], "uv_size": [5, 11]},
								"up": {"uv": [5, 18], "uv_size": [10, 5]},
								"down": {"uv": [20, 5], "uv_size": [10, -5]}
							}
						},
						{
							"origin": [-4, 22.73777, 2.34566],
							"size": [8, 3, 7],
							"pivot": [0, 24.23777, 5.34566],
							"rotation": [-22.5, 0, 0],
							"uv": {
								"north": {"uv": [15, 24], "uv_size": [8, 3]},
								"east": {"uv": [11, 27], "uv_size": [7, 3]},
								"south": {"uv": [23, 24], "uv_size": [8, 3]},
								"west": {"uv": [18, 27], "uv_size": [7, 3]},
								"up": {"uv": [0, 11], "uv_size": [8, 7]},
								"down": {"uv": [8, 18], "uv_size": [8, -7]}
							}
						}
					]
				}
			]
		}
	]
}