{
	"format_version": "1.12.0",
	"minecraft:geometry": [
		{
			"description": {
				"identifier": "geometry.hunter_backpack",
				"texture_width": 64,
				"texture_height": 64,
				"visible_bounds_width": 3,
				"visible_bounds_height": 3.5,
				"visible_bounds_offset": [0, 1.25, 0]
			},
			"bones": [
				{
					"name": "hunter_backpack",
					"pivot": [6.5, 15.5, 4.5],
					"cubes": [
						{
							"origin": [5, 13, 3],
							"size": [3, 5, 3],
							"uv": {
								"north": {"uv": [28, 2], "uv_size": [3, 5]},
								"south": {"uv": [28, 12], "uv_size": [3, 5]},
								"west": {"uv": [14, 28], "uv_size": [3, 5]},
								"up": {"uv": [32, 17], "uv_size": [3, 3]},
								"down": {"uv": [20, 35], "uv_size": [3, -3]}
							}
						}
					]
				},
				{
					"name": "sword",
					"parent": "hunter_backpack",
					"pivot": [0.02802, 19.23839, 7.5],
					"cubes": [
						{
							"origin": [5.99769, 18.23839, 7],
							"size": [2, 2, 1],
							"uv": {
								"north": {"uv": [18, 21], "uv_size": [2, 2]},
								"east": {"uv": [34, 26], "uv_size": [1, 2]},
								"south": {"uv": [8, 22], "uv_size": [2, 2]},
								"west": {"uv": [34, 28], "uv_size": [1, 2]},
								"up": {"uv": [14, 27], "uv_size": [2, 1]},
								"down": {"uv": [34, 23], "uv_size": [2, -1]}
							}
						},
						{
							"origin": [2.99769, 18.73839, 7],
							"size": [3, 1, 1],
							"uv": {
								"north": {"uv": [33, 32], "uv_size": [3, 1]},
								"south": {"uv": [33, 33], "uv_size": [3, 1]},
								"up": {"uv": [34, 2], "uv_size": [3, 1]},
								"down": {"uv": [34, 4], "uv_size": [3, -1]}
							}
						},
						{
							"origin": [-7.00231, 18.23839, 7],
							"size": [9, 2, 1],
							"uv": {
								"north": {"uv": [16, 26], "uv_size": [9, 2]},
								"south": {"uv": [26, 23], "uv_size": [9, 2]},
								"up": {"uv": [26, 25], "uv_size": [9, 1]},
								"down": {"uv": [28, 21], "uv_size": [9, -1]}
							}
						},
						{
							"origin": [1.99769, 17.23839, 7],
							"size": [1, 4, 1],
							"uv": {
								"east": {"uv": [4, 33], "uv_size": [1, 4]},
								"south": {"uv": [5, 33], "uv_size": [1, 4]},
								"west": {"uv": [6, 33], "uv_size": [1, 4]},
								"up": {"uv": [0, 36], "uv_size": [1, 1]}
							}
						},
						{
							"origin": [-5.90028, 23.16669, 7],
							"size": [2, 2, 1],
							"pivot": [0.02802, 19.23839, 7.5],
							"rotation": [0, 0, -45],
							"uv": {
								"north": {"uv": [16, 24], "uv_size": [2, 2]},
								"east": {"uv": [34, 34], "uv_size": [1, 2]},
								"south": {"uv": [7, 33], "uv_size": [2, 2]},
								"west": {"uv": [35, 4], "uv_size": [1, 2]},
								"up": {"uv": [35, 6], "uv_size": [2, 1]},
								"down": {"uv": [7, 36], "uv_size": [2, -1]}
							}
						}
					]
				},
				{
					"name": "bow",
					"parent": "hunter_backpack",
					"pivot": [-5, 13, 2.5],
					"cubes": [
						{
							"origin": [-6.5, 20, 5],
							"size": [1, 2, 1],
							"uv": {
								"north": {"uv": [35, 7], "uv_size": [1, 2]},
								"east": {"uv": [9, 35], "uv_size": [1, 2]},
								"south": {"uv": [35, 9], "uv_size": [1, 2]},
								"west": {"uv": [10, 35], "uv_size": [1, 2]}
							}
						},
						{
							"origin": [-6.5, 20.34315, 9],
							"size": [1, 3, 1],
							"pivot": [-5.5, 16.34315, 6],
							"rotation": [45, 0, 0],
							"uv": {
								"north": {"uv": [26, 33], "uv_size": [1, 3]},
								"east": {"uv": [34, 4], "uv_size": [1, 3]},
								"south": {"uv": [34, 7], "uv_size": [1, 3]},
								"west": {"uv": [34, 10], "uv_size": [1, 3]}
							}
						},
						{
							"origin": [-6.5, 23.12132, 1.87868],
							"size": [1, 1, 2],
							"uv": {
								"north": {"uv": [36, 4], "uv_size": [1, 1]},
								"east": {"uv": [11, 35], "uv_size": [2, 1]},
								"west": {"uv": [35, 11], "uv_size": [2, 1]},
								"up": {"uv": [35, 12], "uv_size": [1, 2]},
								"down": {"uv": [35, 16], "uv_size": [1, -2]}
							}
						},
						{
							"origin": [-6, 13.87132, 2.37868],
							"size": [0, 9.25, 1],
							"uv": {
								"east": {"uv": [27, 29], "uv_size": [1, 9]},
								"west": {"uv": [28, 29], "uv_size": [1, 9]}
							}
						},
						{
							"origin": [-6.5, 15, 5],
							"size": [1, 2, 1],
							"uv": {
								"north": {"uv": [35, 17], "uv_size": [1, 2]},
								"east": {"uv": [20, 35], "uv_size": [1, 2]},
								"south": {"uv": [21, 35], "uv_size": [1, 2]},
								"west": {"uv": [22, 35], "uv_size": [1, 2]}
							}
						},
						{
							"origin": [-6.5, 13.65685, 9],
							"size": [1, 3, 1],
							"pivot": [-5.5, 20.65685, 6],
							"rotation": [-45, 0, 0],
							"uv": {
								"north": {"uv": [34, 13], "uv_size": [1, 3]},
								"east": {"uv": [17, 34], "uv_size": [1, 3]},
								"south": {"uv": [18, 34], "uv_size": [1, 3]},
								"west": {"uv": [19, 34], "uv_size": [1, 3]}
							}
						},
						{
							"origin": [-6.5, 12.87868, 1.87868],
							"size": [1, 1, 2],
							"uv": {
								"north": {"uv": [36, 9], "uv_size": [1, 1]},
								"east": {"uv": [35, 19], "uv_size": [2, 1]},
								"west": {"uv": [35, 23], "uv_size": [2, 1]},
								"up": {"uv": [35, 24], "uv_size": [1, 2]},
								"down": {"uv": [35, 28], "uv_size": [1, -2]}
							}
						},
						{
							"origin": [-7, 17, 4.5],
							"size": [2, 3, 2],
							"uv": {
								"north": {"uv": [12, 30], "uv_size": [2, 3]},
								"east": {"uv": [29, 32], "uv_size": [2, 3]},
								"south": {"uv": [32, 29], "uv_size": [2, 3]},
								"up": {"uv": [9, 33], "uv_size": [2, 2]},
								"down": {"uv": [11, 35], "uv_size": [2, -2]}
							}
						}
					]
				},
				{
					"name": "arrows",
					"parent": "hunter_backpack",
					"pivot": [6.5, 21.75, 5.5],
					"cubes": [
						{
							"origin": [8.43506, 17.71455, 4],
							"size": [0, 4, 1],
							"pivot": [8.43506, 21.46455, 4.5],
							"rotation": [0, 0, 22.5],
							"uv": {
								"east": {"uv": [13, 33], "uv_size": [1, 4]},
								"west": {"uv": [14, 33], "uv_size": [1, 4]}
							}
						},
						{
							"origin": [8.43506, 21.71455, 3],
							"size": [0, 3, 3],
							"pivot": [8.43506, 21.46455, 4.5],
							"rotation": [0, 0, 22.5],
							"uv": {
								"east": {"uv": [29, 29], "uv_size": [3, 3]},
								"west": {"uv": [0, 30], "uv_size": [3, 3]}
							}
						},
						{
							"origin": [6.93506, 21.71455, 4.5],
							"size": [3, 3, 0],
							"pivot": [8.43506, 21.46455, 4.5],
							"rotation": [0, 0, 22.5],
							"uv": {
								"north": {"uv": [3, 30], "uv_size": [3, 3]},
								"south": {"uv": [6, 30], "uv_size": [3, 3]}
							}
						},
						{
							"origin": [7, 22, 2],
							"size": [0, 3, 3],
							"uv": {
								"east": {"uv": [9, 30], "uv_size": [3, 3]},
								"west": {"uv": [31, 2], "uv_size": [3, 3]}
							}
						},
						{
							"origin": [5.5, 22, 3.5],
							"size": [3, 3, 0],
							"uv": {
								"north": {"uv": [31, 5], "uv_size": [3, 3]},
								"south": {"uv": [31, 8], "uv_size": [3, 3]}
							}
						},
						{
							"origin": [7, 18, 3],
							"size": [0, 4, 1],
							"uv": {
								"east": {"uv": [15, 33], "uv_size": [1, 4]},
								"west": {"uv": [16, 33], "uv_size": [1, 4]}
							}
						},
						{
							"origin": [5, 22, 5.5],
							"size": [3, 3, 0],
							"uv": {
								"north": {"uv": [31, 11], "uv_size": [3, 3]},
								"south": {"uv": [31, 14], "uv_size": [3, 3]}
							}
						},
						{
							"origin": [6.5, 22, 4],
							"size": [0, 3, 3],
							"uv": {
								"east": {"uv": [17, 31], "uv_size": [3, 3]},
								"west": {"uv": [31, 26], "uv_size": [3, 3]}
							}
						},
						{
							"origin": [6, 18, 5.5],
							"size": [1, 4, 0],
							"uv": {
								"north": {"uv": [24, 33], "uv_size": [1, 4]},
								"south": {"uv": [25, 33], "uv_size": [1, 4]}
							}
						}
					]
				},
				{
					"name": "strap",
					"parent": "hunter_backpack",
					"pivot": [1, 25, 5.5],
					"cubes": [
						{
							"origin": [-2.00231, 17.98839, 8.25],
							"size": [2, 2.5, 0],
							"uv": {
								"north": {"uv": [0, 33], "uv_size": [2, 3]},
								"south": {"uv": [2, 33], "uv_size": [2, 3]}
							}
						},
						{
							"origin": [-2.00231, 20.48839, 7],
							"size": [2, 0, 1.25],
							"uv": {
								"up": {"uv": [35, 28], "uv_size": [2, 1]},
								"down": {"uv": [29, 36], "uv_size": [2, -1]}
							}
						},
						{
							"origin": [-2.00231, 17.98839, 7],
							"size": [2, 0, 1.25],
							"uv": {
								"up": {"uv": [35, 29], "uv_size": [2, 1]},
								"down": {"uv": [35, 31], "uv_size": [2, -1]}
							}
						},
						{
							"origin": [-7.25, 18, 6.75],
							"size": [2.25, 1, 0],
							"uv": {
								"north": {"uv": [31, 35], "uv_size": [2, 1]},
								"south": {"uv": [35, 31], "uv_size": [2, 1]}
							}
						},
						{
							"origin": [-7.25, 18, 4.25],
							"size": [0, 1, 2.5],
							"uv": {
								"east": {"uv": [34, 16], "uv_size": [3, 1]},
								"west": {"uv": [34, 21], "uv_size": [3, 1]}
							}
						},
						{
							"origin": [-7.25, 18, 4.25],
							"size": [2.25, 1, 0],
							"uv": {
								"north": {"uv": [35, 34], "uv_size": [2, 1]},
								"south": {"uv": [35, 35], "uv_size": [2, 1]}
							}
						},
						{
							"origin": [-2, 24, 2],
							"size": [4, 3, 0],
							"uv": {
								"north": {"uv": [17, 28], "uv_size": [4, 3]},
								"south": {"uv": [28, 17], "uv_size": [4, 3]}
							}
						}
					]
				},
				{
					"name": "backpack",
					"parent": "hunter_backpack",
					"pivot": [5, 13, 7],
					"cubes": [
						{
							"origin": [-5, 13, 2],
							"size": [10, 11, 5],
							"uv": {
								"north": {"uv": [0, 0], "uv_size": [10, 11]},
								"east": {"uv": [0, 11], "uv_size": [5, 11]},
								"south": {"uv": [10, 0], "uv_size": [10, 11]},
								"west": {"uv": [5, 11], "uv_size": [5, 11]},
								"up": {"uv": [10, 11], "uv_size": [10, 5]},
								"down": {"uv": [10, 21], "uv_size": [10, -5]}
							}
						},
						{
							"origin": [-4, 22.58449, 2.11626],
							"size": [8, 3, 6],
							"pivot": [0, 23.58449, 5.61626],
							"rotation": [-22.5, 0, 0],
							"uv": {
								"north": {"uv": [20, 20], "uv_size": [8, 3]},
								"east": {"uv": [25, 26], "uv_size": [6, 3]},
								"south": {"uv": [10, 21], "uv_size": [8, 3]},
								"west": {"uv": [8, 27], "uv_size": [6, 3]},
								"up": {"uv": [20, 0], "uv_size": [8, 6]},
								"down": {"uv": [20, 12], "uv_size": [8, -6]}
							}
						},
						{
							"origin": [-4, 13, 7],
							"size": [8, 4, 3],
							"uv": {
								"east": {"uv": [21, 28], "uv_size": [3, 4]},
								"south": {"uv": [20, 16], "uv_size": [8, 4]},
								"west": {"uv": [24, 29], "uv_size": [3, 4]},
								"down": {"uv": [18, 26], "uv_size": [8, -3]}
							}
						},
						{
							"origin": [-4.25, 14.75, 7],
							"size": [8.5, 2.5, 3.25],
							"uv": {
								"east": {"uv": [28, 21], "uv_size": [3, 2]},
								"south": {"uv": [28, 0], "uv_size": [8, 2]},
								"west": {"uv": [31, 21], "uv_size": [3, 2]},
								"up": {"uv": [8, 24], "uv_size": [8, 3]},
								"down": {"uv": [0, 28], "uv_size": [8, -3]}
							}
						}
					]
				}
			]
		}
	]
}