{
	"format_version": "1.12.0",
	"minecraft:geometry": [
		{
			"description": {
				"identifier": "geometry.lumberjack_backpack",
				"texture_width": 64,
				"texture_height": 64,
				"visible_bounds_width": 3,
				"visible_bounds_height": 3.5,
				"visible_bounds_offset": [0, 1.25, 0]
			},
			"bones": [
				{
					"name": "woodcutter_backpack",
					"pivot": [0, 13, 6]
				},
				{
					"name": "wood",
					"parent": "woodcutter_backpack",
					"pivot": [0, 22, 9],
					"cubes": [
						{
							"origin": [-5, 24, 7],
							"size": [10, 3, 3],
							"uv": {
								"north": {"uv": [18, 23], "uv_size": [10, 3]},
								"east": {"uv": [38, 0], "uv_size": [3, 3]},
								"south": {"uv": [18, 26], "uv_size": [10, 3]},
								"west": {"uv": [39, 22], "uv_size": [3, 3]},
								"up": {"uv": [28, 11], "uv_size": [10, 3]},
								"down": {"uv": [28, 17], "uv_size": [10, -3]}
							}
						},
						{
							"origin": [-4, 24, 3],
							"size": [8, 4, 4],
							"uv": {
								"north": {"uv": [20, 11], "uv_size": [8, 4]},
								"east": {"uv": [17, 35], "uv_size": [4, 4]},
								"south": {"uv": [20, 15], "uv_size": [8, 4]},
								"west": {"uv": [32, 35], "uv_size": [4, 4]},
								"up": {"uv": [20, 19], "uv_size": [8, 4]}
							}
						},
						{
							"origin": [-4, 21, 7],
							"size": [8, 3, 3],
							"uv": {
								"east": {"uv": [39, 25], "uv_size": [3, 3]},
								"south": {"uv": [32, 3], "uv_size": [8, 3]},
								"west": {"uv": [26, 39], "uv_size": [3, 3]},
								"down": {"uv": [15, 35], "uv_size": [8, -3]}
							}
						}
					]
				},
				{
					"name": "machette",
					"parent": "woodcutter_backpack",
					"pivot": [-14.5, 17, 2],
					"cubes": [
						{
							"origin": [-6, 21, 3.5],
							"size": [0, 8, 3],
							"uv": {
								"east": {"uv": [5, 29], "uv_size": [3, 8]},
								"west": {"uv": [23, 32], "uv_size": [3, 8]}
							}
						},
						{
							"origin": [-6.5, 19, 3.5],
							"size": [1, 2, 2],
							"uv": {
								"north": {"uv": [14, 33], "uv_size": [1, 2]},
								"east": {"uv": [30, 3], "uv_size": [2, 2]},
								"south": {"uv": [25, 40], "uv_size": [1, 2]},
								"west": {"uv": [42, 14], "uv_size": [2, 2]},
								"up": {"uv": [42, 41], "uv_size": [1, 2]}
							}
						}
					]
				},
				{
					"name": "axe",
					"parent": "woodcutter_backpack",
					"pivot": [14.5, 19, 3.5],
					"cubes": [
						{
							"origin": [5.5, 22, 2.5],
							"size": [2, 3, 6],
							"uv": {
								"north": {"uv": [40, 31], "uv_size": [2, 3]},
								"east": {"uv": [32, 32], "uv_size": [6, 3]},
								"south": {"uv": [40, 34], "uv_size": [2, 3]},
								"west": {"uv": [8, 33], "uv_size": [6, 3]},
								"up": {"uv": [38, 11], "uv_size": [2, 6]},
								"down": {"uv": [38, 37], "uv_size": [2, -6]}
							}
						},
						{
							"origin": [5.5, 19, 3.5],
							"size": [2, 3, 2],
							"uv": {
								"north": {"uv": [40, 37], "uv_size": [2, 3]},
								"east": {"uv": [40, 40], "uv_size": [2, 3]},
								"south": {"uv": [0, 41], "uv_size": [2, 3]},
								"west": {"uv": [41, 0], "uv_size": [2, 3]}
							}
						}
					]
				},
				{
					"name": "strap",
					"parent": "woodcutter_backpack",
					"pivot": [-0.5, 16.2706, 10.5],
					"cubes": [
						{
							"origin": [1, 24, 2.75],
							"size": [2, 4.25, 0],
							"uv": {
								"north": {"uv": [8, 29], "uv_size": [2, 4]},
								"south": {"uv": [29, 39], "uv_size": [2, 4]}
							}
						},
						{
							"origin": [1, 28.25, 2.75],
							"size": [2, 0, 4.5],
							"uv": {
								"up": {"uv": [38, 37], "uv_size": [2, 5]},
								"down": {"uv": [17, 44], "uv_size": [2, -5]}
							}
						},
						{
							"origin": [1, 27.25, 7.25],
							"size": [2, 1, 0],
							"uv": {
								"north": {"uv": [43, 2], "uv_size": [2, 1]},
								"south": {"uv": [43, 16], "uv_size": [2, 1]}
							}
						},
						{
							"origin": [1, 27.25, 7.25],
							"size": [2, 0, 3],
							"uv": {
								"up": {"uv": [7, 41], "uv_size": [2, 3]},
								"down": {"uv": [9, 44], "uv_size": [2, -3]}
							}
						},
						{
							"origin": [1, 20.75, 10.25],
							"size": [2, 6.5, 0],
							"uv": {
								"north": {"uv": [3, 35], "uv_size": [2, 7]},
								"south": {"uv": [21, 35], "uv_size": [2, 7]}
							}
						},
						{
							"origin": [-3, 24, 2.75],
							"size": [2, 4.25, 0],
							"uv": {
								"north": {"uv": [31, 39], "uv_size": [2, 4]},
								"south": {"uv": [33, 39], "uv_size": [2, 4]}
							}
						},
						{
							"origin": [-3, 20.75, 10.25],
							"size": [2, 6.5, 0],
							"uv": {
								"north": {"uv": [36, 35], "uv_size": [2, 7]},
								"south": {"uv": [5, 37], "uv_size": [2, 7]}
							}
						},
						{
							"origin": [-3, 27.25, 7.25],
							"size": [2, 0, 3],
							"uv": {
								"up": {"uv": [11, 41], "uv_size": [2, 3]},
								"down": {"uv": [13, 44], "uv_size": [2, -3]}
							}
						},
						{
							"origin": [-3, 27.25, 7.25],
							"size": [2, 1, 0],
							"uv": {
								"north": {"uv": [43, 17], "uv_size": [2, 1]},
								"south": {"uv": [43, 18], "uv_size": [2, 1]}
							}
						},
						{
							"origin": [-3, 28.25, 2.75],
							"size": [2, 0, 4.5],
							"uv": {
								"up": {"uv": [39, 17], "uv_size": [2, 5]},
								"down": {"uv": [19, 44], "uv_size": [2, -5]}
							}
						},
						{
							"origin": [1, 20.75, 7],
							"size": [2, 0, 3.25],
							"uv": {
								"up": {"uv": [15, 41], "uv_size": [2, 3]},
								"down": {"uv": [41, 19], "uv_size": [2, -3]}
							}
						},
						{
							"origin": [-3, 20.75, 7],
							"size": [2, 0, 3.25],
							"uv": {
								"up": {"uv": [41, 19], "uv_size": [2, 3]},
								"down": {"uv": [2, 45], "uv_size": [2, -3]}
							}
						},
						{
							"origin": [5, 19.5, 5.75],
							"size": [2.75, 2, 0],
							"uv": {
								"north": {"uv": [15, 27], "uv_size": [3, 2]},
								"south": {"uv": [42, 4], "uv_size": [3, 2]}
							}
						},
						{
							"origin": [7.75, 19.5, 3.25],
							"size": [0, 2, 2.5],
							"uv": {
								"east": {"uv": [42, 6], "uv_size": [3, 2]},
								"west": {"uv": [42, 8], "uv_size": [3, 2]}
							}
						},
						{
							"origin": [5, 19.5, 3.25],
							"size": [2.75, 2, 0],
							"uv": {
								"north": {"uv": [42, 10], "uv_size": [3, 2]},
								"south": {"uv": [42, 12], "uv_size": [3, 2]}
							}
						},
						{
							"origin": [-6.75, 19.5, 5.75],
							"size": [1.75, 1, 0],
							"uv": {
								"north": {"uv": [43, 19], "uv_size": [2, 1]},
								"south": {"uv": [43, 20], "uv_size": [2, 1]}
							}
						},
						{
							"origin": [-6.75, 19.5, 3.25],
							"size": [0, 1, 2.5],
							"uv": {
								"east": {"uv": [35, 31], "uv_size": [3, 1]},
								"west": {"uv": [36, 27], "uv_size": [3, 1]}
							}
						},
						{
							"origin": [-6.75, 19.5, 3.25],
							"size": [1.75, 1, 0],
							"uv": {
								"north": {"uv": [43, 21], "uv_size": [2, 1]},
								"south": {"uv": [29, 43], "uv_size": [2, 1]}
							}
						},
						{
							"origin": [0.5, 15.75, 11.25],
							"size": [2, 2.5, 0],
							"pivot": [-0.5, 16.2706, 10.5],
							"rotation": [0, 0, 22.5],
							"uv": {
								"north": {"uv": [21, 42], "uv_size": [2, 3]},
								"south": {"uv": [42, 22], "uv_size": [2, 3]}
							}
						},
						{
							"origin": [0.5, 18.25, 10],
							"size": [2, 0, 1.25],
							"pivot": [-0.5, 16.2706, 10.5],
							"rotation": [0, 0, 22.5],
							"uv": {
								"up": {"uv": [43, 29], "uv_size": [2, 1]},
								"down": {"uv": [43, 31], "uv_size": [2, -1]}
							}
						},
						{
							"origin": [-3.5, 15.75, 11.25],
							"size": [2, 2.5, 0],
							"pivot": [-0.5, 16.2706, 10.5],
							"rotation": [0, 0, 22.5],
							"uv": {
								"north": {"uv": [25, 42], "uv_size": [2, 3]},
								"south": {"uv": [42, 25], "uv_size": [2, 3]}
							}
						},
						{
							"origin": [-3.5, 18.25, 10],
							"size": [2, 0, 1.25],
							"pivot": [-0.5, 16.2706, 10.5],
							"rotation": [0, 0, 22.5],
							"uv": {
								"up": {"uv": [31, 43], "uv_size": [2, 1]},
								"down": {"uv": [33, 44], "uv_size": [2, -1]}
							}
						},
						{
							"origin": [-3.5, 15.75, 10],
							"size": [2, 0, 1.25],
							"pivot": [-0.5, 16.2706, 10.5],
							"rotation": [0, 0, 22.5],
							"uv": {
								"up": {"uv": [43, 33], "uv_size": [2, 1]},
								"down": {"uv": [43, 35], "uv_size": [2, -1]}
							}
						},
						{
							"origin": [0.5, 15.75, 10],
							"size": [2, 0, 1.25],
							"pivot": [-0.5, 16.2706, 10.5],
							"rotation": [0, 0, 22.5],
							"uv": {
								"up": {"uv": [43, 35], "uv_size": [2, 1]},
								"down": {"uv": [43, 37], "uv_size": [2, -1]}
							}
						}
					]
				},
				{
					"name": "saw",
					"parent": "woodcutter_backpack",
					"pivot": [-0.5, 16.2706, 10.5],
					"cubes": [
						{
							"origin": [-4.5, 16, 10],
							"size": [8, 2, 1],
							"pivot": [-0.5, 16.2706, 10.5],
							"rotation": [0, 0, 22.5],
							"uv": {
								"north": {"uv": [32, 9], "uv_size": [8, 2]},
								"south": {"uv": [35, 29], "uv_size": [8, 2]},
								"up": {"uv": [36, 28], "uv_size": [8, 1]},
								"down": {"uv": [40, 4], "uv_size": [8, -1]}
							}
						},
						{
							"origin": [-6.5, 14, 10],
							"size": [2, 4, 1],
							"pivot": [-0.5, 16.2706, 10.5],
							"rotation": [0, 0, 22.5],
							"uv": {
								"north": {"uv": [40, 4], "uv_size": [2, 4]},
								"east": {"uv": [7, 37], "uv_size": [1, 4]},
								"south": {"uv": [40, 8], "uv_size": [2, 4]},
								"west": {"uv": [35, 39], "uv_size": [1, 4]},
								"down": {"uv": [43, 42], "uv_size": [2, -1]}
							}
						},
						{
							"origin": [3.5, 14, 10],
							"size": [2, 4, 1],
							"pivot": [-0.5, 16.2706, 10.5],
							"rotation": [0, 0, 22.5],
							"uv": {
								"north": {"uv": [40, 12], "uv_size": [2, 4]},
								"east": {"uv": [4, 42], "uv_size": [1, 4]},
								"south": {"uv": [23, 40], "uv_size": [2, 4]},
								"west": {"uv": [42, 33], "uv_size": [1, 4]},
								"down": {"uv": [43, 44], "uv_size": [2, -1]}
							}
						},
						{
							"origin": [3.70509, 15.57226, 10],
							"size": [2, 2, 1],
							"uv": {
								"north": {"uv": [36, 42], "uv_size": [2, 2]},
								"east": {"uv": [0, 44], "uv_size": [1, 2]},
								"south": {"uv": [42, 37], "uv_size": [2, 2]},
								"west": {"uv": [44, 0], "uv_size": [1, 2]},
								"up": {"uv": [5, 44], "uv_size": [2, 1]}
							}
						},
						{
							"origin": [-6.70509, 15.57226, 10],
							"size": [2, 2, 1],
							"pivot": [-0.5, 16.2706, 10.5],
							"rotation": [0, 0, 45],
							"uv": {
								"north": {"uv": [38, 42], "uv_size": [2, 2]},
								"east": {"uv": [1, 44], "uv_size": [1, 2]},
								"south": {"uv": [42, 39], "uv_size": [2, 2]},
								"west": {"uv": [9, 44], "uv_size": [1, 2]},
								"up": {"uv": [10, 44], "uv_size": [2, 1]}
							}
						},
						{
							"origin": [-6.5, 12, 10.5],
							"size": [12, 3, 0],
							"pivot": [-0.5, 16.2706, 10.5],
							"rotation": [0, 0, 22.5],
							"uv": {
								"north": {"uv": [20, 5], "uv_size": [12, 3]},
								"south": {"uv": [20, 8], "uv_size": [12, 3]}
							}
						}
					]
				},
				{
					"name": "backpack",
					"parent": "woodcutter_backpack",
					"pivot": [5, 13, 7],
					"cubes": [
						{
							"origin": [-5, 13, 2],
							"size": [10, 11, 5],
							"uv": {
								"north": {"uv": [0, 0], "uv_size": [10, 11]},
								"east": {"uv": [0, 18], "uv_size": [5, 11]},
								"south": {"uv": [10, 0], "uv_size": [10, 11]},
								"west": {"uv": [5, 18], "uv_size": [5, 11]},
								"up": {"uv": [10, 18], "uv_size": [10, 5]},
								"down": {"uv": [20, 5], "uv_size": [10, -5]}
							}
						},
						{
							"origin": [5, 13, 2],
							"size": [3, 6, 5],
							"uv": {
								"north": {"uv": [33, 17], "uv_size": [3, 6]},
								"south": {"uv": [33, 23], "uv_size": [3, 6]},
								"west": {"uv": [28, 17], "uv_size": [5, 6]},
								"up": {"uv": [8, 36], "uv_size": [3, 5]},
								"down": {"uv": [11, 41], "uv_size": [3, -5]}
							}
						},
						{
							"origin": [-8, 13, 2],
							"size": [3, 6, 5],
							"uv": {
								"north": {"uv": [0, 35], "uv_size": [3, 6]},
								"east": {"uv": [28, 23], "uv_size": [5, 6]},
								"south": {"uv": [14, 35], "uv_size": [3, 6]},
								"up": {"uv": [36, 17], "uv_size": [3, 5]},
								"down": {"uv": [36, 27], "uv_size": [3, -5]}
							}
						},
						{
							"origin": [-5, 13, 7],
							"size": [10, 7, 3],
							"uv": {
								"east": {"uv": [26, 32], "uv_size": [3, 7]},
								"south": {"uv": [10, 11], "uv_size": [10, 7]},
								"west": {"uv": [29, 32], "uv_size": [3, 7]},
								"up": {"uv": [15, 29], "uv_size": [10, 3]},
								"down": {"uv": [25, 32], "uv_size": [10, -3]}
							}
						}
					]
				}
			]
		}
	]
}