{
	"format_version": "1.12.0",
	"minecraft:geometry": [
		{
			"description": {
				"identifier": "geometry.miner_backpack",
				"texture_width": 64,
				"texture_height": 64,
				"visible_bounds_width": 3,
				"visible_bounds_height": 3.5,
				"visible_bounds_offset": [0, 1.25, 0]
			},
			"bones": [
				{
					"name": "miner_backpack",
					"pivot": [0, 13, 6]
				},
				{
					"name": "helmet",
					"parent": "miner_backpack",
					"pivot": [0, 24, 0.12132],
					"cubes": [
						{
							"origin": [5, 14, 3],
							"size": [1, 8, 7],
							"uv": {
								"north": {"uv": [27, 38], "uv_size": [1, 8]},
								"east": {"uv": [22, 6], "uv_size": [7, 8]},
								"south": {"uv": [28, 38], "uv_size": [1, 8]},
								"west": {"uv": [22, 14], "uv_size": [7, 8]},
								"up": {"uv": [35, 38], "uv_size": [1, 7]},
								"down": {"uv": [10, 46], "uv_size": [1, -7]}
							}
						},
						{
							"origin": [6, 15, 4],
							"size": [3, 6, 5],
							"uv": {
								"north": {"uv": [24, 32], "uv_size": [3, 6]},
								"south": {"uv": [27, 32], "uv_size": [3, 6]},
								"west": {"uv": [5, 28], "uv_size": [5, 6]},
								"up": {"uv": [2, 34], "uv_size": [3, 5]},
								"down": {"uv": [5, 39], "uv_size": [3, -5]}
							}
						},
						{
							"origin": [7, 14, 5.5],
							"size": [3, 8, 2],
							"uv": {
								"north": {"uv": [15, 28], "uv_size": [3, 8]},
								"east": {"uv": [13, 33], "uv_size": [2, 8]},
								"south": {"uv": [30, 17], "uv_size": [3, 8]},
								"west": {"uv": [0, 34], "uv_size": [2, 8]},
								"down": {"uv": [39, 10], "uv_size": [3, -2]}
							}
						},
						{
							"origin": [6, 16, 3],
							"size": [2, 4, 2],
							"uv": {
								"north": {"uv": [20, 6], "uv_size": [2, 4]},
								"west": {"uv": [31, 38], "uv_size": [2, 4]},
								"up": {"uv": [34, 30], "uv_size": [2, 2]},
								"down": {"uv": [8, 42], "uv_size": [2, -2]}
							}
						},
						{
							"origin": [6, 16, 9],
							"size": [2, 4, 1],
							"uv": {
								"south": {"uv": [2, 39], "uv_size": [2, 4]},
								"west": {"uv": [39, 40], "uv_size": [1, 4]},
								"up": {"uv": [20, 10], "uv_size": [2, 1]},
								"down": {"uv": [10, 23], "uv_size": [2, -1]}
							}
						},
						{
							"origin": [7, 22, 4.5],
							"size": [4, 1, 4],
							"uv": {
								"north": {"uv": [40, 40], "uv_size": [4, 1]},
								"east": {"uv": [41, 0], "uv_size": [4, 1]},
								"south": {"uv": [41, 1], "uv_size": [4, 1]},
								"west": {"uv": [41, 2], "uv_size": [4, 1]},
								"up": {"uv": [18, 23], "uv_size": [4, 4]},
								"down": {"uv": [33, 27], "uv_size": [4, -4]}
							}
						}
					]
				},
				{
					"name": "pickaxe",
					"parent": "miner_backpack",
					"pivot": [-5.5, 21, 2],
					"cubes": [
						{
							"origin": [-7.5, 23.15224, 7.23463],
							"size": [2, 2, 3],
							"pivot": [-5.5, 23.15224, 7.23463],
							"rotation": [-22.5, 0, 0],
							"uv": {
								"east": {"uv": [39, 10], "uv_size": [3, 2]},
								"south": {"uv": [4, 41], "uv_size": [2, 2]},
								"west": {"uv": [39, 30], "uv_size": [3, 2]},
								"up": {"uv": [34, 14], "uv_size": [2, 3]},
								"down": {"uv": [11, 42], "uv_size": [2, -3]}
							}
						},
						{
							"origin": [-7.5, 23, 2],
							"size": [2, 2, 6],
							"uv": {
								"north": {"uv": [6, 41], "uv_size": [2, 2]},
								"east": {"uv": [30, 4], "uv_size": [6, 2]},
								"west": {"uv": [34, 12], "uv_size": [6, 2]},
								"up": {"uv": [8, 34], "uv_size": [2, 6]},
								"down": {"uv": [36, 6], "uv_size": [2, -6]}
							}
						},
						{
							"origin": [-7.5, 25, 4],
							"size": [2, 1, 2],
							"uv": {
								"north": {"uv": [41, 5], "uv_size": [2, 1]},
								"east": {"uv": [8, 42], "uv_size": [2, 1]},
								"south": {"uv": [42, 8], "uv_size": [2, 1]},
								"west": {"uv": [42, 9], "uv_size": [2, 1]},
								"up": {"uv": [41, 14], "uv_size": [2, 2]}
							}
						},
						{
							"origin": [-7.5, 17, 4],
							"size": [2, 6, 2],
							"uv": {
								"north": {"uv": [36, 14], "uv_size": [2, 6]},
								"east": {"uv": [15, 36], "uv_size": [2, 6]},
								"south": {"uv": [17, 36], "uv_size": [2, 6]},
								"west": {"uv": [19, 36], "uv_size": [2, 6]}
							}
						}
					]
				},
				{
					"name": "ore",
					"parent": "miner_backpack",
					"pivot": [5, 28, 2],
					"cubes": [
						{
							"origin": [-4, 24, 3],
							"size": [4, 2, 3],
							"uv": {
								"north": {"uv": [4, 39], "uv_size": [4, 2]},
								"east": {"uv": [39, 32], "uv_size": [3, 2]},
								"south": {"uv": [39, 6], "uv_size": [4, 2]},
								"west": {"uv": [39, 34], "uv_size": [3, 2]},
								"up": {"uv": [34, 27], "uv_size": [4, 3]}
							}
						},
						{
							"origin": [-4, 24, 6],
							"size": [2, 2, 1],
							"uv": {
								"east": {"uv": [26, 41], "uv_size": [1, 2]},
								"south": {"uv": [0, 42], "uv_size": [2, 2]},
								"west": {"uv": [42, 10], "uv_size": [1, 2]},
								"up": {"uv": [11, 42], "uv_size": [2, 1]}
							}
						},
						{
							"origin": [-1, 24, 4],
							"size": [3, 3, 3],
							"uv": {
								"north": {"uv": [36, 34], "uv_size": [3, 3]},
								"east": {"uv": [37, 23], "uv_size": [3, 3]},
								"south": {"uv": [36, 37], "uv_size": [3, 3]},
								"west": {"uv": [38, 0], "uv_size": [3, 3]},
								"up": {"uv": [38, 3], "uv_size": [3, 3]}
							}
						},
						{
							"origin": [1, 24, 3],
							"size": [3, 2, 3],
							"uv": {
								"north": {"uv": [39, 36], "uv_size": [3, 2]},
								"east": {"uv": [39, 38], "uv_size": [3, 2]},
								"south": {"uv": [40, 12], "uv_size": [3, 2]},
								"west": {"uv": [40, 20], "uv_size": [3, 2]},
								"up": {"uv": [38, 17], "uv_size": [3, 3]}
							}
						}
					]
				},
				{
					"name": "strap",
					"parent": "miner_backpack",
					"pivot": [-5.5, 21, 2.25],
					"cubes": [
						{
							"origin": [-7.75, 18, 6.25],
							"size": [2.75, 2, 0],
							"uv": {
								"north": {"uv": [21, 40], "uv_size": [3, 2]},
								"south": {"uv": [40, 22], "uv_size": [3, 2]}
							}
						},
						{
							"origin": [-7.75, 18, 3.75],
							"size": [0, 2, 2.5],
							"uv": {
								"east": {"uv": [40, 24], "uv_size": [3, 2]},
								"west": {"uv": [40, 26], "uv_size": [3, 2]}
							}
						},
						{
							"origin": [-7.75, 18, 3.75],
							"size": [2.75, 2, 0],
							"uv": {
								"north": {"uv": [40, 28], "uv_size": [3, 2]},
								"south": {"uv": [36, 40], "uv_size": [3, 2]}
							}
						}
					]
				},
				{
					"name": "backpack",
					"parent": "miner_backpack",
					"pivot": [-5, 17, 2],
					"cubes": [
						{
							"origin": [-5, 13, 2],
							"size": [10, 11, 6],
							"uv": {
								"north": {"uv": [0, 0], "uv_size": [10, 11]},
								"east": {"uv": [0, 11], "uv_size": [6, 11]},
								"south": {"uv": [10, 0], "uv_size": [10, 11]},
								"west": {"uv": [6, 11], "uv_size": [6, 11]},
								"up": {"uv": [12, 11], "uv_size": [10, 6]},
								"down": {"uv": [12, 23], "uv_size": [10, -6]}
							}
						},
						{
							"origin": [-4, 19.53284, 8.67878],
							"size": [8, 5, 5],
							"pivot": [5, 17.53284, 10.67878],
							"rotation": [22.5, 0, 0],
							"uv": {
								"east": {"uv": [10, 28], "uv_size": [5, 5]},
								"south": {"uv": [10, 23], "uv_size": [8, 5]},
								"west": {"uv": [29, 12], "uv_size": [5, 5]},
								"up": {"uv": [18, 27], "uv_size": [8, 5]},
								"down": {"uv": [26, 32], "uv_size": [8, -5]}
							}
						},
						{
							"origin": [-5, 13, 8],
							"size": [10, 6, 3],
							"uv": {
								"east": {"uv": [30, 32], "uv_size": [3, 6]},
								"south": {"uv": [0, 22], "uv_size": [10, 6]},
								"west": {"uv": [10, 33], "uv_size": [3, 6]},
								"up": {"uv": [29, 6], "uv_size": [10, 3]},
								"down": {"uv": [29, 12], "uv_size": [10, -3]}
							}
						},
						{
							"origin": [-8, 13, 2],
							"size": [3, 4, 6],
							"uv": {
								"north": {"uv": [21, 36], "uv_size": [3, 4]},
								"east": {"uv": [30, 0], "uv_size": [6, 4]},
								"south": {"uv": [36, 30], "uv_size": [3, 4]},
								"up": {"uv": [33, 17], "uv_size": [3, 6]},
								"down": {"uv": [33, 38], "uv_size": [3, -6]}
							}
						}
					]
				}
			]
		}
	]
}